"BID","KODEBARANG","NAMABARANG","BARCODE","BARCODE2","JENIS","KODEKELOMPOK","KODEKATEGORI","KODEPEMASOK","KODESATUAN","HRGBELI","MARGINPERSEN","MARGINNILAI","HRGJUAL","STOKAWAL","STOKMASUK","STOKKELUAR","STOKOPNAME","STOKAKHIR","STOKMIN","STOKMAX","JMLREORDER","SATUAN1","KONVERSI1","HRGSATUAN1","HRGMULTISATUAN1","SATUAN2","KONVERSI2","HRGSATUAN2","HRGMULTISATUAN2","SATUAN3","KONVERSI3","HRGSATUAN3","HRGMULTISATUAN3","SATUAN4","KONVERSI4","HRGSATUAN4","HRGMULTISATUAN4","SATUAN5","KONVERSI5","HRGSATUAN5","HRGMULTISATUAN5","AKTIF","BISAEDITNAMA","BISAEDITHRG","HPP","HRGLEVEL1","HRGLEVEL2","HRGLEVEL3","HRGLEVEL4","HRGLEVEL5","TGLUPLOAD","TGLUPDATE","JAMUPLOAD","JAMUPDATE","GABUNGAN","PRODUKDIMENSI"
321,"0500900001",STICKER VINYIL CHINA DURATAC (OUT),"","",Produk,"05","009",S001,MTR,0.0,0.00,0.0,37000.0,0.00,0.00,0.00,0.00,0.00,0.00,0.00,0.00,,0.00,0.0,0.0,,0.00,0.0,0.0,,0.00,0.0,0.0,,0.00,0.0,0.0,,0.00,,0.0,1,0,0,0.0,0.0,0.0,0.0,0.0,0.0,,2025-07-16,,14:29:57,0,1
322,"0500900002",STICKER VINYL CHINA DURATAC (OUT),"","",Bahan,"05","009",S001,MTR,18000.0,105.56,19000.0,37000.0,0.00,0.00,0.00,0.00,0.00,0.00,0.00,0.00,,0.00,0.0,0.0,,0.00,0.0,0.0,,0.00,0.0,0.0,,0.00,0.0,0.0,,0.00,,0.0,1,0,0,18000.0,0.0,0.0,0.0,0.0,0.0,,2025-07-21,,10:36:03,0,1
323,"0501000001",STICKER VINYL CHINA DURATAC LAM (OUT),"","",Produk,"05","010",S001,MTR,0.0,0.00,0.0,58000.0,0.00,0.00,0.00,0.00,0.00,0.00,0.00,0.00,,0.00,0.0,0.0,,0.00,0.0,0.0,,0.00,0.0,0.0,,0.00,0.0,0.0,,0.00,,0.0,1,0,0,0.0,0.0,0.0,0.0,0.0,0.0,,,,,0,1
324,"0501000002",STICKER VINYL CHINA DURATAC LAM (OUT),"","",Bahan,"05","010",S001,MTR,25000.0,132.00,33000.0,58000.0,0.00,0.00,0.00,0.00,0.00,0.00,0.00,0.00,,0.00,0.0,0.0,,0.00,0.0,0.0,,0.00,0.0,0.0,,0.00,0.0,0.0,,0.00,,0.0,1,0,0,0.0,0.0,0.0,0.0,0.0,0.0,,2025-07-21,,10:36:19,0,1
325,"0500100001",STICKER VINYL RITRAMA (OUT),"","",Produk,"05","011",S001,MTR,0.0,0.00,0.0,57000.0,0.00,0.00,0.00,0.00,0.00,0.00,0.00,0.00,,0.00,0.0,0.0,,0.00,0.0,0.0,,0.00,0.0,0.0,,0.00,0.0,0.0,,0.00,,0.0,1,0,0,0.0,0.0,0.0,0.0,0.0,0.0,,2025-07-16,,15:32:49,0,1
326,"0501100001",STICKER VINYL RITRAMA (OUT),"","",Bahan,"05","011",S001,MTR,33000.0,72.73,24000.0,57000.0,193.00,0.00,0.00,0.00,193.00,0.00,0.00,0.00,,0.00,0.0,0.0,,0.00,0.0,0.0,,0.00,0.0,0.0,,0.00,0.0,0.0,,0.00,,0.0,1,0,0,33000.0,0.0,0.0,0.0,0.0,0.0,,2025-07-23,,17:00:25,0,1
327,"0501200001",STICKER VINYL RITRAMA LAM (OUT),"","",Produk,"05","012",S001,MTR,0.0,0.00,0.0,78000.0,0.00,0.00,0.00,0.00,0.00,0.00,0.00,0.00,,0.00,0.0,0.0,,0.00,0.0,0.0,,0.00,0.0,0.0,,0.00,0.0,0.0,,0.00,,0.0,1,0,0,0.0,0.0,0.0,0.0,0.0,0.0,,2025-08-23,,14:15:48,0,1
328,"0501300001",STICKER TRANSPARAN (OUT),"","",Produk,"05","013",S001,MTR,0.0,0.00,0.0,52000.0,0.00,0.00,0.00,0.00,0.00,0.00,0.00,0.00,,0.00,0.0,0.0,,0.00,0.0,0.0,,0.00,0.0,0.0,,0.00,0.0,0.0,,0.00,,0.0,1,0,0,0.0,0.0,0.0,0.0,0.0,0.0,,,,,0,1
329,"0501300002",STICKER TRANPARAN (OUT),"","",Bahan,"05","013",S001,MTR,18000.0,188.89,34000.0,52000.0,0.00,0.00,0.00,0.00,0.00,0.00,0.00,0.00,,0.00,0.0,0.0,,0.00,0.0,0.0,,0.00,0.0,0.0,,0.00,0.0,0.0,,0.00,,0.0,1,0,0,18000.0,0.0,0.0,0.0,0.0,0.0,,2025-07-21,,10:37:09,0,1
330,"0501400001",STICKER TRANSPARAN LAM (OUT),"","",Bahan,"05","014",S001,MTR,25000.0,192.00,48000.0,73000.0,0.00,0.00,0.00,0.00,0.00,0.00,0.00,0.00,,0.00,0.0,0.0,,0.00,0.0,0.0,,0.00,0.0,0.0,,0.00,0.0,0.0,,0.00,,0.0,1,0,0,25000.0,0.0,0.0,0.0,0.0,0.0,,2025-07-21,,10:37:41,0,1
331,"0501500001",STICKER BO CHINA (OUT),"","",Produk,"05","015",S001,MTR,0.0,0.00,0.0,0.0,0.00,0.00,0.00,0.00,0.00,0.00,0.00,0.00,,0.00,0.0,0.0,,0.00,0.0,0.0,,0.00,0.0,0.0,,0.00,0.0,0.0,,0.00,,0.0,1,0,0,0.0,0.0,0.0,0.0,0.0,0.0,,,,,0,1
332,"0501500002",STICKER BO CHINA (OUT),"","",Bahan,"05","015",S001,MTR,0.0,0.00,0.0,0.0,0.00,0.00,0.00,0.00,0.00,0.00,0.00,0.00,,0.00,0.0,0.0,,0.00,0.0,0.0,,0.00,0.0,0.0,,0.00,0.0,0.0,,0.00,,0.0,1,0,0,0.0,0.0,0.0,0.0,0.0,0.0,,,,,0,1
333,"0501600001",STICKER BO RITRAMA (OUT),"","",Produk,"05","016",S001,MTR,0.0,0.00,0.0,65000.0,0.00,0.00,0.00,0.00,0.00,0.00,0.00,0.00,,0.00,0.0,0.0,,0.00,0.0,0.0,,0.00,0.0,0.0,,0.00,0.0,0.0,,0.00,,0.0,1,0,0,0.0,0.0,0.0,0.0,0.0,0.0,,,,,0,1
334,"0501600002",STICKER BO RITRAMA (OUT),"","",Bahan,"05","016",S001,MTR,29500.0,120.34,35500.0,65000.0,0.00,0.00,0.00,0.00,0.00,0.00,0.00,0.00,,0.00,0.0,0.0,,0.00,0.0,0.0,,0.00,0.0,0.0,,0.00,0.0,0.0,,0.00,,0.0,1,0,0,29500.0,0.0,0.0,0.0,0.0,0.0,,2025-07-21,,10:38:07,0,1
335,"0501800001",STICKER BO CHINA LAM (OUT),"","",Bahan,"05","018",S001,MTR,0.0,0.00,0.0,0.0,0.00,0.00,0.00,0.00,0.00,0.00,0.00,0.00,,0.00,0.0,0.0,,0.00,0.0,0.0,,0.00,0.0,0.0,,0.00,0.0,0.0,,0.00,,0.0,1,0,0,0.0,0.0,0.0,0.0,0.0,0.0,,,,,0,1
336,"0501800002",STICKER BO CHINA LAM (OUT),"","",Produk,"05","018",S001,MTR,0.0,0.00,0.0,0.0,0.00,0.00,0.00,0.00,0.00,0.00,0.00,0.00,,0.00,0.0,0.0,,0.00,0.0,0.0,,0.00,0.0,0.0,,0.00,0.0,0.0,,0.00,,0.0,1,0,0,0.0,0.0,0.0,0.0,0.0,0.0,,,,,0,1
337,"0501700001",STICKER BO RITRAMA LAM (OUT),"","",Produk,"05","017",S001,MTR,0.0,0.00,0.0,85000.0,0.00,0.00,0.00,0.00,0.00,0.00,0.00,0.00,,0.00,0.0,0.0,,0.00,0.0,0.0,,0.00,0.0,0.0,,0.00,0.0,0.0,,0.00,,0.0,1,0,0,0.0,0.0,0.0,0.0,0.0,0.0,,,,,0,1
338,"0501700002",STICKER BO RITRAMA LAM (OUT),"","",Bahan,"05","017",S001,MTR,36500.0,132.88,48500.0,85000.0,0.00,0.00,0.00,0.00,0.00,0.00,0.00,0.00,,0.00,0.0,0.0,,0.00,0.0,0.0,,0.00,0.0,0.0,,0.00,0.0,0.0,,0.00,,0.0,1,0,0,36500.0,0.0,0.0,0.0,0.0,0.0,,2025-07-21,,10:38:45,0,1
339,"0501900001",STICKER ALBATROS (OUT),"","",Produk,"05","019",S001,MTR,0.0,0.00,0.0,60000.0,0.00,0.00,0.00,0.00,0.00,0.00,0.00,0.00,,0.00,0.0,0.0,,0.00,0.0,0.0,,0.00,0.0,0.0,,0.00,0.0,0.0,,0.00,,0.0,1,0,0,0.0,0.0,0.0,0.0,0.0,0.0,,,,,0,1
340,"0501900002",STICKER ALBATROS (OUT),"","",Bahan,"05","019",S001,MTR,28000.0,114.29,32000.0,60000.0,0.00,0.00,0.00,0.00,0.00,0.00,0.00,0.00,,0.00,0.0,0.0,,0.00,0.0,0.0,,0.00,0.0,0.0,,0.00,0.0,0.0,,0.00,,0.0,1,0,0,28000.0,0.0,0.0,0.0,0.0,0.0,,2025-07-21,,10:39:02,0,1
341,"0502000001",STICKER ALBATROS LAM (OUT),"","",Produk,"05","020",S001,MTR,0.0,0.00,0.0,25000.0,0.00,0.00,0.00,0.00,0.00,0.00,0.00,0.00,,0.00,0.0,0.0,,0.00,0.0,0.0,,0.00,0.0,0.0,,0.00,0.0,0.0,,0.00,,0.0,1,0,0,0.0,0.0,0.0,0.0,0.0,0.0,,,,,0,1
342,"0502000002",STICKER ALBATROS LAM (OUT),"","",Bahan,"05","020",S001,MTR,35000.0,128.57,45000.0,80000.0,0.00,0.00,0.00,0.00,0.00,0.00,0.00,0.00,,0.00,0.0,0.0,,0.00,0.0,0.0,,0.00,0.0,0.0,,0.00,0.0,0.0,,0.00,,0.0,1,0,0,35000.0,0.0,0.0,0.0,0.0,0.0,,2025-08-26,,14:45:02,0,1
343,"0502100001",STICKER SANBLAST (OUT),"","",Produk,"05","021",S001,MTR,0.0,0.00,0.0,85000.0,0.00,0.00,0.00,0.00,0.00,0.00,0.00,0.00,,0.00,0.0,0.0,,0.00,0.0,0.0,,0.00,0.0,0.0,,0.00,0.0,0.0,,0.00,,0.0,1,0,0,0.0,0.0,0.0,0.0,0.0,0.0,,,,,0,1
344,"0502100002",STICKER SANBLAST (OUT),"","",Bahan,"05","021",S001,MTR,31000.0,174.19,54000.0,85000.0,0.00,0.00,0.00,0.00,0.00,0.00,0.00,0.00,,0.00,0.0,0.0,,0.00,0.0,0.0,,0.00,0.0,0.0,,0.00,0.0,0.0,,0.00,,0.0,1,0,0,31000.0,0.0,0.0,0.0,0.0,0.0,,2025-07-21,,10:40:17,0,1
345,"0102200001",ALBATROS (OUT),"","",Produk,"01","022",S001,MTR,0.0,0.00,0.0,60000.0,0.00,0.00,-3.00,0.00,3.00,0.00,0.00,0.00,,0.00,0.0,0.0,,0.00,0.0,0.0,,0.00,0.0,0.0,,0.00,0.0,0.0,,0.00,,0.0,1,0,0,0.0,0.0,0.0,0.0,0.0,0.0,,2025-07-23,,14:48:46,0,1
346,"0102200002",ALBATROS (OUT),"","",Bahan,"01","022",S001,MTR,18000.0,233.33,42000.0,60000.0,109.20,0.00,7.00,0.00,102.20,0.00,0.00,0.00,,0.00,0.0,0.0,,0.00,0.0,0.0,,0.00,0.0,0.0,,0.00,0.0,0.0,,0.00,,0.0,1,0,0,18000.0,0.0,0.0,0.0,0.0,0.0,,2025-07-23,,17:00:25,0,1
347,"0102300001",ALBATROS LAM (OUT),"","",Produk,"01","023",S001,MTR,0.0,0.00,0.0,80000.0,0.00,0.00,0.00,0.00,0.00,0.00,0.00,0.00,,0.00,0.0,0.0,,0.00,0.0,0.0,,0.00,0.0,0.0,,0.00,0.0,0.0,,0.00,,0.0,1,0,0,0.0,0.0,0.0,0.0,0.0,0.0,,,,,0,1
348,"0502000003",ALBATROS LAM (OUT),"","",Bahan,"05","023",S001,MTR,25000.0,220.00,55000.0,80000.0,0.00,0.00,0.00,0.00,0.00,0.00,0.00,0.00,,0.00,0.0,0.0,,0.00,0.0,0.0,,0.00,0.0,0.0,,0.00,0.0,0.0,,0.00,,0.0,1,0,0,25000.0,0.0,0.0,0.0,0.0,0.0,,2025-07-21,,10:40:03,0,1
349,"0102400001",PHOTOPAPER (OUT),"","",Produk,"01","024",S001,MTR,0.0,0.00,0.0,75000.0,0.00,0.00,0.00,0.00,0.00,0.00,0.00,0.00,,0.00,0.0,0.0,,0.00,0.0,0.0,,0.00,0.0,0.0,,0.00,0.0,0.0,,0.00,,0.0,1,0,0,0.0,0.0,0.0,0.0,0.0,0.0,,,,,0,1
350,"0102400002",PHOTOPAPER (OUT),"","",Bahan,"01","024",S001,MTR,29500.0,154.24,0.0,29500.0,38.10,0.00,0.00,0.00,38.10,0.00,0.00,0.00,,0.00,0.0,0.0,,0.00,0.0,0.0,,0.00,0.0,0.0,,0.00,0.0,0.0,,0.00,,0.0,1,0,0,29500.0,0.0,0.0,0.0,0.0,0.0,,2025-07-23,,17:00:25,0,1
352,"0102500001",PHOTOPAPER LAM (OUT),"","",Produk,"01","025",S001,MTR,0.0,0.00,0.0,95000.0,0.00,0.00,0.00,0.00,0.00,0.00,0.00,0.00,,0.00,0.0,0.0,,0.00,0.0,0.0,,0.00,0.0,0.0,,0.00,0.0,0.0,,0.00,,0.0,1,0,0,0.0,0.0,0.0,0.0,0.0,0.0,,,,,0,1
353,"0102500002",PHOTOPAPER LAM (OUT),"","",Bahan,"01","025",S001,MTR,36500.0,160.27,58500.0,95000.0,0.00,0.00,0.00,0.00,0.00,0.00,0.00,0.00,,0.00,0.0,0.0,,0.00,0.0,0.0,,0.00,0.0,0.0,,0.00,0.0,0.0,,0.00,,0.0,1,0,0,36500.0,0.0,0.0,0.0,0.0,0.0,,2025-07-21,,10:46:43,0,1
354,"0102600001",BACKLITE DURATRANS (OUT),"","",Produk,"01","026",S001,MTR,0.0,0.00,0.0,0.0,0.00,0.00,0.00,0.00,0.00,0.00,0.00,0.00,,0.00,0.0,0.0,,0.00,0.0,0.0,,0.00,0.0,0.0,,0.00,0.0,0.0,,0.00,,0.0,1,0,0,0.0,0.0,0.0,0.0,0.0,0.0,,,,,0,1
355,"0102600002",BACKLITE DURATRANS (OUT),"","",Bahan,"01","026",S001,MTR,0.0,0.00,0.0,0.0,0.00,0.00,0.00,0.00,0.00,0.00,0.00,0.00,,0.00,0.0,0.0,,0.00,0.0,0.0,,0.00,0.0,0.0,,0.00,0.0,0.0,,0.00,,0.0,1,0,0,0.0,0.0,0.0,0.0,0.0,0.0,,,,,0,1
356,"0102700001",BACKLITE DURATRANS LAM (OUT),"","",Produk,"01","027",S001,MTR,0.0,0.00,0.0,0.0,0.00,0.00,0.00,0.00,0.00,0.00,0.00,0.00,,0.00,0.0,0.0,,0.00,0.0,0.0,,0.00,0.0,0.0,,0.00,0.0,0.0,,0.00,,0.0,1,0,0,0.0,0.0,0.0,0.0,0.0,0.0,,,,,0,1
357,"0102700002",BACKLITE DURATRANS LAM (OUT),"","",Bahan,"01","027",S001,MTR,0.0,0.00,0.0,0.0,0.00,0.00,0.00,0.00,0.00,0.00,0.00,0.00,,0.00,0.0,0.0,,0.00,0.0,0.0,,0.00,0.0,0.0,,0.00,0.0,0.0,,0.00,,0.0,1,0,0,0.0,0.0,0.0,0.0,0.0,0.0,,,,,0,1
358,"0102800001",KANVAS (OUT),"","",Produk,"01","028",S001,MTR,0.0,0.00,0.0,135000.0,0.00,0.00,0.00,0.00,0.00,0.00,0.00,0.00,,0.00,0.0,0.0,,0.00,0.0,0.0,,0.00,0.0,0.0,,0.00,0.0,0.0,,0.00,,0.0,1,0,0,0.0,0.0,0.0,0.0,0.0,0.0,,2025-07-16,,15:44:04,0,1
359,"0102800002",KANVAS (OUT),"","",Bahan,"01","028",S001,MTR,74000.0,82.43,0.0,74000.0,0.00,1.00,0.00,0.00,1.00,0.00,0.00,0.00,,0.00,0.0,0.0,,0.00,0.0,0.0,,0.00,0.0,0.0,,0.00,0.0,0.0,,0.00,,0.0,1,0,0,74000.0,0.0,0.0,0.0,0.0,0.0,,2025-07-23,,11:16:32,0,1
360,"0502900001",STICKER VINYL CHINA DURATAC (IN),"","",Produk,"05","029",S001,MTR,0.0,0.00,0.0,50000.0,0.00,0.00,0.00,0.00,0.00,0.00,0.00,0.00,,0.00,0.0,0.0,,0.00,0.0,0.0,,0.00,0.0,0.0,,0.00,0.0,0.0,,0.00,,0.0,1,0,0,0.0,0.0,0.0,0.0,0.0,0.0,,2026-02-16,,10:13:46,0,1
361,"0502900002",STICKER VINYL CHINA DURATAC (IN),"","",Bahan,"05","029",S001,MTR,18000.0,177.78,32000.0,50000.0,0.00,0.00,1056.39,0.00,-1056.39,0.00,0.00,0.00,,0.00,0.0,0.0,,0.00,0.0,0.0,,0.00,0.0,0.0,,0.00,0.0,0.0,,0.00,,0.0,1,0,0,18000.0,0.0,0.0,0.0,0.0,0.0,,2025-07-21,,10:41:10,0,1
362,"0503000001",STICKER VINYL CHINA DURATAC LAM (IN),"","",Produk,"05","030",S001,MTR,0.0,0.00,0.0,70000.0,0.00,0.00,0.00,0.00,0.00,0.00,0.00,0.00,,0.00,0.0,0.0,,0.00,0.0,0.0,,0.00,0.0,0.0,,0.00,0.0,0.0,,0.00,,0.0,1,0,0,0.0,0.0,0.0,0.0,0.0,0.0,,2025-11-29,,10:45:11,0,1
363,"0503000002",STICKER VINYL CHINA DURATAC LAM (IN),"","",Bahan,"05","030",S001,MTR,25000.0,180.00,45000.0,70000.0,0.00,0.00,85.22,0.00,-85.22,0.00,0.00,0.00,,0.00,0.0,0.0,,0.00,0.0,0.0,,0.00,0.0,0.0,,0.00,0.0,0.0,,0.00,,0.0,1,0,0,25000.0,0.0,0.0,0.0,0.0,0.0,,2025-07-21,,10:41:30,0,1
364,"0503100001",STICKER VINYL RITRAMA (IN),"","",Produk,"05","031",S001,MTR,0.0,0.00,0.0,70000.0,0.00,0.00,0.00,0.00,0.00,0.00,0.00,0.00,,0.00,0.0,0.0,,0.00,0.0,0.0,,0.00,0.0,0.0,,0.00,0.0,0.0,,0.00,,0.0,1,0,0,0.0,0.0,0.0,0.0,0.0,0.0,,2025-08-12,,09:02:29,0,1
365,"0503100002",STICKER VINYL RITRAMA (IN),"","",Bahan,"05","031",S001,MTR,26000.0,169.23,44000.0,70000.0,193.00,0.00,0.75,0.00,192.25,0.00,0.00,0.00,,0.00,0.0,0.0,,0.00,0.0,0.0,,0.00,0.0,0.0,,0.00,0.0,0.0,,0.00,,0.0,1,0,0,26000.0,0.0,0.0,0.0,0.0,0.0,,2025-07-23,,17:00:25,0,1
366,"0503200001",STICKER VINYL RITRAMA LAM (IN),"","",Produk,"05","032",S001,MTR,0.0,0.00,0.0,85000.0,0.00,0.00,0.00,0.00,0.00,0.00,0.00,0.00,,0.00,0.0,0.0,,0.00,0.0,0.0,,0.00,0.0,0.0,,0.00,0.0,0.0,,0.00,,0.0,1,0,0,0.0,0.0,0.0,0.0,0.0,0.0,,2026-04-25,,16:21:02,0,1
367,"0503200002",STICKER VINYL RITRAMA LAM (IN),"","",Bahan,"05","032",S001,MTR,33000.0,157.58,52000.0,85000.0,0.00,0.00,383.39,0.00,-383.39,0.00,0.00,0.00,,0.00,0.0,0.0,,0.00,0.0,0.0,,0.00,0.0,0.0,,0.00,0.0,0.0,,0.00,,0.0,1,0,0,33000.0,0.0,0.0,0.0,0.0,0.0,,2025-07-21,,10:42:03,0,1
368,"0503300001",STICKER TRANSPARAN (IN),"","",Produk,"05","033",S001,MTR,0.0,0.00,0.0,60000.0,0.00,0.00,0.00,0.00,0.00,0.00,0.00,0.00,,0.00,0.0,0.0,,0.00,0.0,0.0,,0.00,0.0,0.0,,0.00,0.0,0.0,,0.00,,0.0,1,0,0,0.0,0.0,0.0,0.0,0.0,0.0,,2026-04-25,,16:21:02,0,1
369,"0503300002",STICKER TRANSPARAN (IN),"","",Bahan,"05","033",S001,MTR,18000.0,233.33,42000.0,60000.0,0.00,0.00,58.63,0.00,-58.63,0.00,0.00,0.00,,0.00,0.0,0.0,,0.00,0.0,0.0,,0.00,0.0,0.0,,0.00,0.0,0.0,,0.00,,0.0,1,0,0,18000.0,0.0,0.0,0.0,0.0,0.0,,2025-07-21,,10:42:21,0,1
370,"0503400001",STICKER TRANSPARAN LAM (IN),"","",Produk,"05","034",S001,MTR,0.0,0.00,0.0,80000.0,0.00,0.00,0.00,0.00,0.00,0.00,0.00,0.00,,0.00,0.0,0.0,,0.00,0.0,0.0,,0.00,0.0,0.0,,0.00,0.0,0.0,,0.00,,0.0,1,0,0,0.0,0.0,0.0,0.0,0.0,0.0,,2026-03-18,,11:45:50,0,1
371,"0503400002",STICKER TRANSPARAN LAM (IN),"","",Bahan,"05","034",S001,MTR,25000.0,220.00,55000.0,80000.0,0.00,0.00,72.99,0.00,-72.99,0.00,0.00,0.00,,0.00,0.0,0.0,,0.00,0.0,0.0,,0.00,0.0,0.0,,0.00,0.0,0.0,,0.00,,0.0,1,0,0,25000.0,0.0,0.0,0.0,0.0,0.0,,2025-07-21,,10:42:33,0,1
372,"0503500001",STICKER BO CHINA (IN),"","",Produk,"05","035",S001,MTR,0.0,0.00,0.0,0.0,0.00,0.00,0.00,0.00,0.00,0.00,0.00,0.00,,0.00,0.0,0.0,,0.00,0.0,0.0,,0.00,0.0,0.0,,0.00,0.0,0.0,,0.00,,0.0,1,0,0,0.0,0.0,0.0,0.0,0.0,0.0,,,,,0,1
373,"0503500002",SRTICKER BO CHINA (IN),"","",Bahan,"05","035",S001,MTR,0.0,0.00,0.0,0.0,0.00,0.00,0.00,0.00,0.00,0.00,0.00,0.00,,0.00,0.0,0.0,,0.00,0.0,0.0,,0.00,0.0,0.0,,0.00,0.0,0.0,,0.00,,0.0,1,0,0,0.0,0.0,0.0,0.0,0.0,0.0,,,,,0,1
374,"0503600001",STICKER BO CHINA LAM (IN),"","",Produk,"05","036",S001,MTR,0.0,0.00,0.0,0.0,0.00,0.00,0.00,0.00,0.00,0.00,0.00,0.00,,0.00,0.0,0.0,,0.00,0.0,0.0,,0.00,0.0,0.0,,0.00,0.0,0.0,,0.00,,0.0,1,0,0,0.0,0.0,0.0,0.0,0.0,0.0,,,,,0,1
375,"0503700001",STICKER BO RITRAMA (IN),"","",Produk,"05","037",S001,MTR,0.0,0.00,0.0,80000.0,0.00,0.00,0.00,0.00,0.00,0.00,0.00,0.00,,0.00,0.0,0.0,,0.00,0.0,0.0,,0.00,0.0,0.0,,0.00,0.0,0.0,,0.00,,0.0,1,0,0,0.0,0.0,0.0,0.0,0.0,0.0,,,,,0,1
376,"0503700002",STICKER BO RITRAMA (IN),"","",Bahan,"05","037",S001,MTR,29500.0,171.19,50500.0,80000.0,0.00,0.00,0.00,0.00,0.00,0.00,0.00,0.00,,0.00,0.0,0.0,,0.00,0.0,0.0,,0.00,0.0,0.0,,0.00,0.0,0.0,,0.00,,0.0,1,0,0,29500.0,0.0,0.0,0.0,0.0,0.0,,2025-07-21,,10:43:26,0,1
377,"0503800001",STICKER BO RITRAMA LAM (IN),"","",Produk,"05","038",S001,MTR,0.0,0.00,0.0,100000.0,0.00,0.00,0.00,0.00,0.00,0.00,0.00,0.00,,0.00,0.0,0.0,,0.00,0.0,0.0,,0.00,0.0,0.0,,0.00,0.0,0.0,,0.00,,0.0,1,0,0,0.0,0.0,0.0,0.0,0.0,0.0,,2026-04-16,,09:48:42,0,1
378,"0503800002",STICKER BO RITRAMA LAM (IN),"","",Bahan,"05","038",S001,MTR,36500.0,173.97,63500.0,100000.0,0.00,0.00,2.83,0.00,-2.83,0.00,0.00,0.00,,0.00,0.0,0.0,,0.00,0.0,0.0,,0.00,0.0,0.0,,0.00,0.0,0.0,,0.00,,0.0,1,0,0,36500.0,0.0,0.0,0.0,0.0,0.0,,2025-07-21,,10:43:51,0,1
379,"0503900001",STICKER ALBATROS (IN],"","",Produk,"05","039",S001,MTR,0.0,0.00,0.0,75000.0,0.00,0.00,0.00,0.00,0.00,0.00,0.00,0.00,,0.00,0.0,0.0,,0.00,0.0,0.0,,0.00,0.0,0.0,,0.00,0.0,0.0,,0.00,,0.0,1,0,0,0.0,0.0,0.0,0.0,0.0,0.0,,,,,0,1
380,"0503900002",STICKER ALBATROS (IN),"","",Bahan,"05","039",S001,MTR,28000.0,132.14,37000.0,65000.0,0.00,0.00,0.00,0.00,0.00,0.00,0.00,0.00,,0.00,0.0,0.0,,0.00,0.0,0.0,,0.00,0.0,0.0,,0.00,0.0,0.0,,0.00,,0.0,1,0,0,28000.0,0.0,0.0,0.0,0.0,0.0,,2025-07-21,,10:44:35,0,1
381,"0504000001",STICKER ALBATROS LAM (IN),"","",Produk,"05","040",S001,MTR,0.0,0.00,0.0,100000.0,0.00,0.00,0.00,0.00,0.00,0.00,0.00,0.00,,0.00,0.0,0.0,,0.00,0.0,0.0,,0.00,0.0,0.0,,0.00,0.0,0.0,,0.00,,0.0,1,0,0,0.0,0.0,0.0,0.0,0.0,0.0,,,,,0,1
382,"0504000002",STICKER ALBATROS LAM (IN),"","",Bahan,"05","040",S001,MTR,35000.0,142.86,50000.0,85000.0,0.00,0.00,0.00,0.00,0.00,0.00,0.00,0.00,,0.00,0.0,0.0,,0.00,0.0,0.0,,0.00,0.0,0.0,,0.00,0.0,0.0,,0.00,,0.0,1,0,0,35000.0,0.0,0.0,0.0,0.0,0.0,,2025-07-21,,10:44:50,0,1
383,"0504100001",STICKER SANBLAST (IN),"","",Produk,"05","041",S001,MTR,0.0,0.00,0.0,90000.0,0.00,0.00,0.00,0.00,0.00,0.00,0.00,0.00,,0.00,0.0,0.0,,0.00,0.0,0.0,,0.00,0.0,0.0,,0.00,0.0,0.0,,0.00,,0.0,1,0,0,0.0,0.0,0.0,0.0,0.0,0.0,,2026-01-06,,18:04:51,0,1
384,"0504100002",STICKER SANBLAST (IN),"","",Bahan,"05","041",S001,MTR,31000.0,190.32,59000.0,90000.0,0.00,0.00,19.68,0.00,-19.68,0.00,0.00,0.00,,0.00,0.0,0.0,,0.00,0.0,0.0,,0.00,0.0,0.0,,0.00,0.0,0.0,,0.00,,0.0,1,0,0,31000.0,0.0,0.0,0.0,0.0,0.0,,2025-08-06,,13:21:56,0,1
385,"0104200001",ALBATROS (IN),"","",Produk,"01","042",S001,MTR,0.0,0.00,0.0,65000.0,0.00,0.00,0.00,0.00,0.00,0.00,0.00,0.00,,0.00,0.0,0.0,,0.00,0.0,0.0,,0.00,0.0,0.0,,0.00,0.0,0.0,,0.00,,0.0,1,0,0,0.0,0.0,0.0,0.0,0.0,0.0,,2025-08-08,,15:59:30,0,1
386,"0104200002",ALBATROS (IN),"","",Bahan,"01","042",S001,MTR,18000.0,-100.00,-18000.0,0.0,109.20,0.00,8.82,0.00,100.38,0.00,0.00,0.00,,0.00,0.0,0.0,,0.00,0.0,0.0,,0.00,0.0,0.0,,0.00,0.0,0.0,,0.00,,0.0,1,0,0,18000.0,0.0,0.0,0.0,0.0,0.0,,2025-07-23,,17:00:25,0,1
387,"0104300001",ALBATROS LAM (IN),"","",Produk,"01","043",S001,MTR,0.0,0.00,0.0,85000.0,0.00,0.00,0.00,0.00,0.00,0.00,0.00,0.00,,0.00,0.0,0.0,,0.00,0.0,0.0,,0.00,0.0,0.0,,0.00,0.0,0.0,,0.00,,0.0,1,0,0,0.0,0.0,0.0,0.0,0.0,0.0,,2026-04-06,,13:20:09,0,1
388,"0104300002",ALBATROS LAM (IN),"","",Bahan,"01","043",S001,MTR,25000.0,240.00,60000.0,85000.0,0.00,0.00,68.71,0.00,-68.71,0.00,0.00,0.00,,0.00,0.0,0.0,,0.00,0.0,0.0,,0.00,0.0,0.0,,0.00,0.0,0.0,,0.00,,0.0,1,0,0,25000.0,0.0,0.0,0.0,0.0,0.0,,2025-07-21,,10:26:48,0,1
389,"0104400001",PHOTOPAPER (IN),"","",Produk,"01","044",S001,MTR,0.0,0.00,0.0,80000.0,0.00,0.00,0.00,0.00,0.00,0.00,0.00,0.00,,0.00,0.0,0.0,,0.00,0.0,0.0,,0.00,0.0,0.0,,0.00,0.0,0.0,,0.00,,0.0,1,0,0,0.0,0.0,0.0,0.0,0.0,0.0,,2025-08-29,,17:05:02,0,1
390,"0104400002",PHOTOPAPER (IN),"","",Bahan,"01","044",S001,MTR,29500.0,171.19,50501.0,80001.0,38.10,0.00,2.00,0.00,36.10,0.00,0.00,0.00,,0.00,0.0,0.0,,0.00,0.0,0.0,,0.00,0.0,0.0,,0.00,0.0,0.0,,0.00,,0.0,1,0,0,29500.0,0.0,0.0,0.0,0.0,0.0,,2025-07-23,,17:00:25,0,1
392,"0104500001",PHOTOPAPER LAM (IN),"","",Produk,"01","045",S001,MTR,0.0,0.00,0.0,100000.0,0.00,0.00,0.00,0.00,0.00,0.00,0.00,0.00,,0.00,0.0,0.0,,0.00,0.0,0.0,,0.00,0.0,0.0,,0.00,0.0,0.0,,0.00,,0.0,1,0,0,0.0,0.0,0.0,0.0,0.0,0.0,,2026-04-14,,10:45:01,0,1
393,"0104500002",PHOTOPAPER LAM (IN),"","",Bahan,"01","045",S001,MTR,36500.0,173.97,63500.0,100000.0,0.00,0.00,3.80,0.00,-3.80,0.00,0.00,0.00,,0.00,0.0,0.0,,0.00,0.0,0.0,,0.00,0.0,0.0,,0.00,0.0,0.0,,0.00,,0.0,1,0,0,36500.0,0.0,0.0,0.0,0.0,0.0,,2025-07-21,,10:47:08,0,1
394,"0104600001",BACKLITE DURATRANS (IN),"","",Produk,"01","046",S001,MTR,0.0,0.00,0.0,90000.0,0.00,0.00,0.00,0.00,0.00,0.00,0.00,0.00,,0.00,0.0,0.0,,0.00,0.0,0.0,,0.00,0.0,0.0,,0.00,0.0,0.0,,0.00,,0.0,1,0,0,0.0,0.0,0.0,0.0,0.0,0.0,,2025-09-20,,14:43:11,0,1
395,"0104600002",BACKLITE DURATRANS (IN),"","",Bahan,"01","046",S001,MTR,40000.0,125.00,50000.0,90000.0,0.00,0.00,35.50,0.00,-35.50,0.00,0.00,0.00,,0.00,0.0,0.0,,0.00,0.0,0.0,,0.00,0.0,0.0,,0.00,0.0,0.0,,0.00,,0.0,1,0,0,0.0,0.0,0.0,0.0,0.0,0.0,,2025-07-21,,11:06:21,0,1
396,"0104700001",BACKLITE DURATRANS LAM (IN),"","",Produk,"01","047",S001,MTR,0.0,0.00,0.0,110000.0,0.00,0.00,0.00,0.00,0.00,0.00,0.00,0.00,,0.00,0.0,0.0,,0.00,0.0,0.0,,0.00,0.0,0.0,,0.00,0.0,0.0,,0.00,,0.0,1,0,0,0.0,0.0,0.0,0.0,0.0,0.0,,2026-04-22,,15:14:18,0,1
397,"0104700002",BACKLITE DURATRANS LAM (IN),"","",Bahan,"01","047",S001,MTR,47000.0,134.04,63000.0,110000.0,0.00,0.00,16.09,0.00,-16.09,0.00,0.00,0.00,,0.00,0.0,0.0,,0.00,0.0,0.0,,0.00,0.0,0.0,,0.00,0.0,0.0,,0.00,,0.0,1,0,0,0.0,0.0,0.0,0.0,0.0,0.0,,2025-08-14,,09:21:40,0,1
398,"0104800001",KANVAS (IN),"","",Produk,"01","048",S001,MTR,0.0,0.00,0.0,140000.0,0.00,0.00,0.00,0.00,0.00,0.00,0.00,0.00,,0.00,0.0,0.0,,0.00,0.0,0.0,,0.00,0.0,0.0,,0.00,0.0,0.0,,0.00,,0.0,1,0,0,0.0,0.0,0.0,0.0,0.0,0.0,,2026-02-25,,09:54:06,0,1
399,"0104800002",KANVAS (IN),"","",Bahan,"01","048",S001,MTR,74000.0,89.19,66000.0,140000.0,0.00,0.00,3.15,0.00,-3.15,0.00,0.00,0.00,,0.00,0.0,0.0,,0.00,0.0,0.0,,0.00,0.0,0.0,,0.00,0.0,0.0,,0.00,,0.0,1,0,0,74000.0,0.0,0.0,0.0,0.0,0.0,,2025-07-21,,10:47:25,0,1
400,"0104900001",RU BANNER FLEXY 280 (60X160),"","",Produk,"01","049",S001,PCS,0.0,0.00,0.0,180000.0,0.00,0.00,-2.00,0.00,2.00,0.00,0.00,0.00,,0.00,0.0,0.0,,0.00,0.0,0.0,,0.00,0.0,0.0,,0.00,0.0,0.0,,0.00,,0.0,1,0,0,0.0,0.0,0.0,0.0,0.0,0.0,,2025-12-05,,13:32:41,0,1
401,"0104900002",RU BANNER FLEXY 280 (60X160),"","",Bahan,"01","049",S001,PCS,120900.0,48.88,59100.0,180000.0,0.00,0.00,6.00,0.00,-6.00,0.00,0.00,0.00,,0.00,0.0,0.0,,0.00,0.0,0.0,,0.00,0.0,0.0,,0.00,0.0,0.0,,0.00,,0.0,1,0,0,120900.0,0.0,0.0,0.0,0.0,0.0,,2025-07-21,,10:29:15,0,1
402,"0105000001",RU BANNER FLEXY 280 (80X200),"","",Produk,"01","050",S001,PCS,0.0,0.00,0.0,205000.0,0.00,0.00,0.00,0.00,0.00,0.00,0.00,0.00,,0.00,0.0,0.0,,0.00,0.0,0.0,,0.00,0.0,0.0,,0.00,0.0,0.0,,0.00,,0.0,1,0,0,0.0,0.0,0.0,0.0,0.0,0.0,,,,,0,1
403,"0105000002",RU BANNER FLEXY 280 (80X200),"","",Bahan,"01","050",S001,PCS,135900.0,50.85,69100.0,205000.0,0.00,0.00,0.00,0.00,0.00,0.00,0.00,0.00,,0.00,0.0,0.0,,0.00,0.0,0.0,,0.00,0.0,0.0,,0.00,0.0,0.0,,0.00,,0.0,1,0,0,135900.0,0.0,0.0,0.0,0.0,0.0,,2025-07-21,,10:29:43,0,1
404,"0105100001",RU BANNER FLEXY 280 (85X200),"","",Produk,"01","051",S001,PCS,0.0,0.00,0.0,210000.0,0.00,0.00,0.00,0.00,0.00,0.00,0.00,0.00,,0.00,0.0,0.0,,0.00,0.0,0.0,,0.00,0.0,0.0,,0.00,0.0,0.0,,0.00,,0.0,1,0,0,0.0,0.0,0.0,0.0,0.0,0.0,,,,,0,1
405,"0105100002",RU BANNER FLEXY 280 (85X200),"","",Bahan,"01","051",S001,PCS,140900.0,49.04,69100.0,210000.0,0.00,0.00,0.00,0.00,0.00,0.00,0.00,0.00,,0.00,0.0,0.0,,0.00,0.0,0.0,,0.00,0.0,0.0,,0.00,0.0,0.0,,0.00,,0.0,1,0,0,140900.0,0.0,0.0,0.0,0.0,0.0,,2025-07-21,,10:29:58,0,1
406,"0105200001",RU BANNER FLEXY KORCHIN 440 (60X160),"","",Produk,"01","052",S001,PCS,0.0,0.00,0.0,210000.0,0.00,0.00,0.00,0.00,0.00,0.00,0.00,0.00,,0.00,0.0,0.0,,0.00,0.0,0.0,,0.00,0.0,0.0,,0.00,0.0,0.0,,0.00,,0.0,1,0,0,0.0,0.0,0.0,0.0,0.0,0.0,,2025-07-17,,09:36:56,0,1
407,"0105200002",RU BANNER FLEXY KORCHIN 440 (60X160),"","",Bahan,"01","052",S001,PCS,128200.0,63.81,81800.0,210000.0,0.00,0.00,0.00,0.00,0.00,0.00,0.00,0.00,,0.00,0.0,0.0,,0.00,0.0,0.0,,0.00,0.0,0.0,,0.00,0.0,0.0,,0.00,,0.0,1,0,0,128200.0,0.0,0.0,0.0,0.0,0.0,,2025-07-21,,10:30:13,0,1
408,"0105300001",RU BANNER FLEXY KORCHIN 440 (80X200),"","",Produk,"01","053",S001,PCS,0.0,0.00,0.0,255000.0,0.00,0.00,0.00,0.00,0.00,0.00,0.00,0.00,,0.00,0.0,0.0,,0.00,0.0,0.0,,0.00,0.0,0.0,,0.00,0.0,0.0,,0.00,,0.0,1,0,0,0.0,0.0,0.0,0.0,0.0,0.0,,2025-09-20,,14:41:30,0,1
409,"0105300002",RU BANNER FLEXY KORCHIN 440 (80X200),"","",Bahan,"01","053",S001,PCS,143200.0,78.07,111800.0,255000.0,0.00,0.00,3.00,0.00,-3.00,0.00,0.00,0.00,,0.00,0.0,0.0,,0.00,0.0,0.0,,0.00,0.0,0.0,,0.00,0.0,0.0,,0.00,,0.0,1,0,0,143200.0,0.0,0.0,0.0,0.0,0.0,,2025-07-21,,10:30:26,0,1
410,"0105400001",RU BANNER FLEXY KORCHIN 440 (85X200),"","",Produk,"01","054",S001,PCS,0.0,0.00,0.0,260000.0,0.00,0.00,0.00,0.00,0.00,0.00,0.00,0.00,,0.00,0.0,0.0,,0.00,0.0,0.0,,0.00,0.0,0.0,,0.00,0.0,0.0,,0.00,,0.0,1,0,0,0.0,0.0,0.0,0.0,0.0,0.0,,,,,0,1
411,"0105400002",RU BANNER FLEXY KORCHIN 440 (85X200),"","",Bahan,"01","054",S001,PCS,148200.0,75.44,111800.0,260000.0,0.00,0.00,0.00,0.00,0.00,0.00,0.00,0.00,,0.00,0.0,0.0,,0.00,0.0,0.0,,0.00,0.0,0.0,,0.00,0.0,0.0,,0.00,,0.0,1,0,0,148200.0,0.0,0.0,0.0,0.0,0.0,,2025-07-21,,10:30:37,0,1
412,"0105500001",RU BANNER ALBATROS (60X160),"","",Produk,"01","055",S001,PCS,0.0,0.00,0.0,190000.0,0.00,0.00,0.00,0.00,0.00,0.00,0.00,0.00,,0.00,0.0,0.0,,0.00,0.0,0.0,,0.00,0.0,0.0,,0.00,0.0,0.0,,0.00,,0.0,1,0,0,0.0,0.0,0.0,0.0,0.0,0.0,,2025-11-08,,13:02:09,0,1
413,"0105500002",RU BANNER ALBATROS (60X160),"","",Bahan,"01","055",S001,PCS,127000.0,49.61,63000.0,190000.0,0.00,0.00,0.00,0.00,0.00,0.00,0.00,0.00,,0.00,0.0,0.0,,0.00,0.0,0.0,,0.00,0.0,0.0,,0.00,0.0,0.0,,0.00,,0.0,1,0,0,127000.0,0.0,0.0,0.0,0.0,0.0,,2025-11-06,,15:43:05,0,1
414,"0105600001",RU BANNER ALBATROS (80X200),"","",Produk,"01","056",S001,PCS,0.0,0.00,0.0,265000.0,0.00,0.00,0.00,0.00,0.00,0.00,0.00,0.00,,0.00,0.0,0.0,,0.00,0.0,0.0,,0.00,0.0,0.0,,0.00,0.0,0.0,,0.00,,0.0,1,0,0,0.0,0.0,0.0,0.0,0.0,0.0,,2025-11-08,,13:03:00,0,1
415,"0105600002",RU BANNER ALBATROS (80X200),"","",Bahan,"01","056",S001,PCS,142000.0,86.62,123000.0,265000.0,0.00,0.00,0.00,0.00,0.00,0.00,0.00,0.00,,0.00,0.0,0.0,,0.00,0.0,0.0,,0.00,0.0,0.0,,0.00,0.0,0.0,,0.00,,0.0,1,0,0,142000.0,0.0,0.0,0.0,0.0,0.0,,2025-11-06,,15:51:48,0,1
416,"0105700001",RU BANNER ALBATROS (85X200),"","",Produk,"01","057",S001,PCS,0.0,0.00,0.0,275000.0,0.00,0.00,0.00,0.00,0.00,0.00,0.00,0.00,,0.00,0.0,0.0,,0.00,0.0,0.0,,0.00,0.0,0.0,,0.00,0.0,0.0,,0.00,,0.0,1,0,0,0.0,0.0,0.0,0.0,0.0,0.0,,2025-11-08,,13:03:16,0,1
417,"0105700002",RU BANNER ALBATROS (85X200),"","",Bahan,"01","057",S001,PCS,147000.0,87.07,128000.0,275000.0,0.00,0.00,1.00,0.00,-1.00,0.00,0.00,0.00,,0.00,0.0,0.0,,0.00,0.0,0.0,,0.00,0.0,0.0,,0.00,0.0,0.0,,0.00,,0.0,1,0,0,147000.0,0.0,0.0,0.0,0.0,0.0,,2025-11-06,,15:52:07,0,1
418,"0105800001",RU BANNER ALBATROS LAM (60X160),"","",Produk,"01","058",S001,PCS,0.0,0.00,0.0,210000.0,0.00,0.00,0.00,0.00,0.00,0.00,0.00,0.00,,0.00,0.0,0.0,,0.00,0.0,0.0,,0.00,0.0,0.0,,0.00,0.0,0.0,,0.00,,0.0,1,0,0,0.0,0.0,0.0,0.0,0.0,0.0,,2026-03-10,,15:19:19,0,1
419,"0105800002",RU BANNER ALBATROS LAM (60X160),"","",Bahan,"01","058",S001,PCS,134000.0,56.72,76000.0,210000.0,0.00,0.00,6.00,0.00,-6.00,0.00,0.00,0.00,,0.00,0.0,0.0,,0.00,0.0,0.0,,0.00,0.0,0.0,,0.00,0.0,0.0,,0.00,,0.0,1,0,0,134000.0,0.0,0.0,0.0,0.0,0.0,,2025-11-06,,15:52:25,0,1
420,"0105900001",RU BANNER ALBATROS LAM (80X200),"","",Produk,"01","059",S001,PCS,0.0,0.00,0.0,285000.0,0.00,0.00,0.00,0.00,0.00,0.00,0.00,0.00,,0.00,0.0,0.0,,0.00,0.0,0.0,,0.00,0.0,0.0,,0.00,0.0,0.0,,0.00,,0.0,1,0,0,0.0,0.0,0.0,0.0,0.0,0.0,,2025-11-08,,13:04:14,0,1
421,"0105900002",RU BANNER ALBATROS LAM (80X200),"","",Bahan,"01","059",S001,PCS,149000.0,91.28,136000.0,285000.0,0.00,0.00,0.00,0.00,0.00,0.00,0.00,0.00,,0.00,0.0,0.0,,0.00,0.0,0.0,,0.00,0.0,0.0,,0.00,0.0,0.0,,0.00,,0.0,1,0,0,149000.0,0.0,0.0,0.0,0.0,0.0,,2025-11-06,,15:52:42,0,1
422,"0106000001",RU BANNER ALBATROS LAM (85X200),"","",Produk,"01","060",S001,PCS,0.0,0.00,0.0,295000.0,0.00,0.00,0.00,0.00,0.00,0.00,0.00,0.00,,0.00,0.0,0.0,,0.00,0.0,0.0,,0.00,0.0,0.0,,0.00,0.0,0.0,,0.00,,0.0,1,0,0,0.0,0.0,0.0,0.0,0.0,0.0,,2025-11-08,,13:04:28,0,1
423,"0106000002",RU BANNER ALBATROS LAM (85X200),"","",Bahan,"01","060",S001,PCS,154000.0,91.56,141000.0,295000.0,0.00,0.00,3.00,0.00,-3.00,0.00,0.00,0.00,,0.00,0.0,0.0,,0.00,0.0,0.0,,0.00,0.0,0.0,,0.00,0.0,0.0,,0.00,,0.0,1,0,0,154000.0,0.0,0.0,0.0,0.0,0.0,,2025-11-06,,15:53:00,0,1
424,"0106100001",RU BANNER LUSTER (60X160),"","",Produk,"01","061",S001,PCS,0.0,0.00,0.0,205000.0,0.00,0.00,0.00,0.00,0.00,0.00,0.00,0.00,,0.00,0.0,0.0,,0.00,0.0,0.0,,0.00,0.0,0.0,,0.00,0.0,0.0,,0.00,,0.0,1,0,0,0.0,0.0,0.0,0.0,0.0,0.0,,2026-03-27,,12:07:34,0,1
425,"0106100002",RU BANNER LUSTER (60X160),"","",Bahan,"01","061",S001,PCS,0.0,0.00,0.0,205000.0,0.00,0.00,110.00,0.00,-110.00,0.00,0.00,0.00,,0.00,0.0,0.0,,0.00,0.0,0.0,,0.00,0.0,0.0,,0.00,0.0,0.0,,0.00,,0.0,1,0,0,0.0,0.0,0.0,0.0,0.0,0.0,,2025-11-06,,15:53:22,0,1
426,"0106200001",RU BANNER LUSTER (80X200),"","",Produk,"01","062",S001,PCS,0.0,0.00,0.0,275000.0,0.00,0.00,0.00,0.00,0.00,0.00,0.00,0.00,,0.00,0.0,0.0,,0.00,0.0,0.0,,0.00,0.0,0.0,,0.00,0.0,0.0,,0.00,,0.0,1,0,0,0.0,0.0,0.0,0.0,0.0,0.0,,2025-11-13,,09:15:03,0,1
427,"0106200002",RU BANNER LUSTER (80X200),"","",Bahan,"01","062",S001,PCS,0.0,0.00,0.0,275000.0,0.00,0.00,1.00,0.00,-1.00,0.00,0.00,0.00,,0.00,0.0,0.0,,0.00,0.0,0.0,,0.00,0.0,0.0,,0.00,0.0,0.0,,0.00,,0.0,1,0,0,0.0,0.0,0.0,0.0,0.0,0.0,,2025-11-06,,15:53:34,0,1
428,"0106300001",RU BANNER LUSTER (85X200),"","",Produk,"01","063",S001,PCS,0.0,0.00,0.0,285000.0,0.00,0.00,0.00,0.00,0.00,0.00,0.00,0.00,,0.00,0.0,0.0,,0.00,0.0,0.0,,0.00,0.0,0.0,,0.00,0.0,0.0,,0.00,,0.0,1,0,0,0.0,0.0,0.0,0.0,0.0,0.0,,2025-12-20,,10:46:10,0,1
430,"0106300003",RU BANNER LUSTER (85X200),"","",Bahan,"01","063",S001,PCS,0.0,0.00,0.0,285000.0,0.00,0.00,2.00,0.00,-2.00,0.00,0.00,0.00,,0.00,0.0,0.0,,0.00,0.0,0.0,,0.00,0.0,0.0,,0.00,0.0,0.0,,0.00,,0.0,1,0,0,0.0,0.0,0.0,0.0,0.0,0.0,,2025-11-06,,15:53:51,0,1
431,"0106400001",FLEXY CHINA 280 (OUT),"","",Produk,"01","064",S001,MTR,0.0,0.00,0.0,16000.0,0.00,0.00,-2.00,0.00,2.00,0.00,0.00,0.00,,0.00,0.0,0.0,,0.00,0.0,0.0,,0.00,0.0,0.0,,0.00,0.0,0.0,,0.00,,0.0,1,0,0,0.0,0.0,0.0,0.0,0.0,0.0,,2026-05-02,,16:22:03,0,1
432,"0106400002",FLEXY CHINA 280 (OUT),"","",Bahan,"01","064",S001,MTR,11900.0,34.45,4100.0,16000.0,308.00,0.00,3426.13,0.00,-3118.13,0.00,0.00,0.00,,0.00,0.0,0.0,,0.00,0.0,0.0,,0.00,0.0,0.0,,0.00,0.0,0.0,,0.00,,0.0,1,0,0,11900.0,0.0,0.0,0.0,0.0,0.0,,2025-07-23,,11:15:15,0,1
433,"0106500001",FLEXY CHINA 280 HIRES (OUT),"","",Produk,"01","065",S001,MTR,0.0,0.00,0.0,24000.0,0.00,0.00,0.00,0.00,0.00,0.00,0.00,0.00,,0.00,0.0,0.0,,0.00,0.0,0.0,,0.00,0.0,0.0,,0.00,0.0,0.0,,0.00,,0.0,1,0,0,0.0,0.0,0.0,0.0,0.0,0.0,,2026-01-23,,11:01:26,0,1
434,"0106500002",FLEXY CHINA 280 HIRES (OUT),"","",Bahan,"01","065",S001,MTR,21900.0,9.59,2100.0,24000.0,0.00,0.00,28.75,0.00,-28.75,0.00,0.00,0.00,,0.00,0.0,0.0,,0.00,0.0,0.0,,0.00,0.0,0.0,,0.00,0.0,0.0,,0.00,,0.0,1,0,0,21900.0,0.0,0.0,0.0,0.0,0.0,,2025-07-21,,10:32:52,0,1
435,"0106600001",FLEXY KORCHIN 440 (OUT),"","",Produk,"01","066",S001,MTR,0.0,0.00,0.0,33000.0,0.00,0.00,0.00,0.00,0.00,0.00,0.00,0.00,,0.00,0.0,0.0,,0.00,0.0,0.0,,0.00,0.0,0.0,,0.00,0.0,0.0,,0.00,,0.0,1,0,0,0.0,0.0,0.0,0.0,0.0,0.0,,2026-04-22,,13:43:04,0,1
436,"0106600002",FLEXY KORCHIN 440 (OUT),"","",Bahan,"01","066",S001,MTR,19200.0,71.88,13800.0,33000.0,176.00,0.00,68.81,0.00,107.19,0.00,0.00,0.00,,0.00,0.0,0.0,,0.00,0.0,0.0,,0.00,0.0,0.0,,0.00,0.0,0.0,,0.00,,0.0,1,0,0,19200.0,0.0,0.0,0.0,0.0,0.0,,2025-07-23,,17:14:31,0,1
437,"0106700001",FLEXY BACKLITE CHINA (OUT),"","",Produk,"01","067",S001,MTR,0.0,0.00,0.0,55000.0,0.00,0.00,0.00,0.00,0.00,0.00,0.00,0.00,,0.00,0.0,0.0,,0.00,0.0,0.0,,0.00,0.0,0.0,,0.00,0.0,0.0,,0.00,,0.0,1,0,0,0.0,0.0,0.0,0.0,0.0,0.0,,2026-03-10,,15:20:54,0,1
438,"0106700002",FLEXY BACKLITE CHINA (OUT),"","",Bahan,"01","067",S001,MTR,0.0,0.00,0.0,55000.0,0.00,0.00,1.00,0.00,-1.00,0.00,0.00,0.00,,0.00,0.0,0.0,,0.00,0.0,0.0,,0.00,0.0,0.0,,0.00,0.0,0.0,,0.00,,0.0,1,0,0,0.0,0.0,0.0,0.0,0.0,0.0,,2026-01-13,,10:32:17,0,1
439,"0106800001",X BANNER FLEXY 280 (60X160),"","",Produk,"01","068",S001,PCS,0.0,0.00,0.0,65000.0,0.00,0.00,-2.00,0.00,2.00,0.00,0.00,0.00,,0.00,0.0,0.0,,0.00,0.0,0.0,,0.00,0.0,0.0,,0.00,0.0,0.0,,0.00,,0.0,1,0,0,0.0,0.0,0.0,0.0,0.0,0.0,,2026-04-29,,09:00:31,0,1
440,"0106800002",X BANNER FLEXY 280 (60X160),"","",Bahan,"01","068",S001,PCS,29900.0,117.39,35100.0,65000.0,19.00,0.00,51.00,0.00,-32.00,0.00,50.00,0.00,,0.00,0.0,0.0,,0.00,0.0,0.0,,0.00,0.0,0.0,,0.00,0.0,0.0,,0.00,,0.0,1,0,0,29900.0,0.0,0.0,0.0,0.0,0.0,,2025-08-21,,13:58:03,0,1
441,"0106900001",X BANNER FLEXY 280 HIRES (60X160),"","",Produk,"01","069",S001,PCS,0.0,0.00,0.0,75000.0,0.00,0.00,0.00,0.00,0.00,0.00,0.00,0.00,,0.00,0.0,0.0,,0.00,0.0,0.0,,0.00,0.0,0.0,,0.00,0.0,0.0,,0.00,,0.0,1,0,0,0.0,0.0,0.0,0.0,0.0,0.0,,,,,0,1
442,"0106900002",X BANNER FLEXY 280 HIRES (60X160),"","",Bahan,"01","069",S001,PCS,39900.0,87.97,35100.0,75000.0,0.00,0.00,0.00,0.00,0.00,0.00,0.00,0.00,,0.00,0.0,0.0,,0.00,0.0,0.0,,0.00,0.0,0.0,,0.00,0.0,0.0,,0.00,,0.0,1,0,0,39900.0,0.0,0.0,0.0,0.0,0.0,,2025-07-21,,10:34:01,0,1
443,"0107000001",X BANNER FLEXY KORCHIN 440 (60X160),"","",Produk,"01","070",S001,PCS,0.0,0.00,0.0,85000.0,0.00,0.00,0.00,0.00,0.00,0.00,0.00,0.00,,0.00,0.0,0.0,,0.00,0.0,0.0,,0.00,0.0,0.0,,0.00,0.0,0.0,,0.00,,0.0,1,0,0,0.0,0.0,0.0,0.0,0.0,0.0,,,,,0,1
444,"0107000002",X BANNER FLEXY KORCHIN 440 (60X160),"","",Bahan,"01","070",S001,PCS,37200.0,128.49,47800.0,85000.0,0.00,0.00,2.00,0.00,-2.00,0.00,0.00,0.00,,0.00,0.0,0.0,,0.00,0.0,0.0,,0.00,0.0,0.0,,0.00,0.0,0.0,,0.00,,0.0,1,0,0,37200.0,0.0,0.0,0.0,0.0,0.0,,2025-07-21,,10:34:13,0,1
445,"0107100001",X BANNER ALBATROS (60X160),"","",Produk,"01","071",S001,PCS,0.0,0.00,0.0,90000.0,0.00,0.00,0.00,0.00,0.00,0.00,0.00,0.00,,0.00,0.0,0.0,,0.00,0.0,0.0,,0.00,0.0,0.0,,0.00,0.0,0.0,,0.00,,0.0,1,0,0,0.0,0.0,0.0,0.0,0.0,0.0,,,,,0,1
446,"0107100002",X BANNER ALBATROS (60X160),"","",Bahan,"01","071",S001,PCS,36000.0,150.00,54000.0,90000.0,0.00,0.00,0.00,0.00,0.00,0.00,0.00,0.00,,0.00,0.0,0.0,,0.00,0.0,0.0,,0.00,0.0,0.0,,0.00,0.0,0.0,,0.00,,0.0,1,0,0,37200.0,0.0,0.0,0.0,0.0,0.0,,2025-07-21,,10:34:29,0,1
447,"0107200001",X BANNER ALBATROS LAM (60X160),"","",Produk,"01","072",S001,PCS,0.0,0.00,0.0,100000.0,0.00,0.00,0.00,0.00,0.00,0.00,0.00,0.00,,0.00,0.0,0.0,,0.00,0.0,0.0,,0.00,0.0,0.0,,0.00,0.0,0.0,,0.00,,0.0,1,0,0,0.0,0.0,0.0,0.0,0.0,0.0,,2025-08-12,,13:48:18,0,1
448,"0107200002",X BANNER ALBATROS LAM (60X160),"","",Bahan,"01","072",S001,PCS,43000.0,132.56,57000.0,100000.0,0.00,0.00,0.00,0.00,0.00,0.00,0.00,0.00,,0.00,0.0,0.0,,0.00,0.0,0.0,,0.00,0.0,0.0,,0.00,0.0,0.0,,0.00,,0.0,1,0,0,43000.0,0.0,0.0,0.0,0.0,0.0,,2025-07-21,,10:34:40,0,1
449,"0107300001",X BANNER LUSTER (60X160),"","",Produk,"01","073",S001,PCS,0.0,0.00,0.0,100000.0,0.00,0.00,0.00,0.00,0.00,0.00,0.00,0.00,,0.00,0.0,0.0,,0.00,0.0,0.0,,0.00,0.0,0.0,,0.00,0.0,0.0,,0.00,,0.0,1,0,0,0.0,0.0,0.0,0.0,0.0,0.0,,2026-02-27,,15:20:18,0,1
450,"0107300002",X BANNER LUSTER (60X160),"","",Bahan,"01","073",S001,PCS,0.0,0.00,0.0,100000.0,0.00,0.00,4.00,0.00,-4.00,0.00,0.00,0.00,,0.00,0.0,0.0,,0.00,0.0,0.0,,0.00,0.0,0.0,,0.00,0.0,0.0,,0.00,,0.0,1,0,0,0.0,0.0,0.0,0.0,0.0,0.0,,2025-09-04,,11:42:59,0,1
451,"0107400001",X BANNER MINI (60X160),"","",Produk,"01","074",S001,PCS,0.0,0.00,0.0,35000.0,0.00,0.00,0.00,0.00,0.00,0.00,0.00,0.00,,0.00,0.0,0.0,,0.00,0.0,0.0,,0.00,0.0,0.0,,0.00,0.0,0.0,,0.00,,0.0,1,0,0,0.0,0.0,0.0,0.0,0.0,0.0,,,,,0,1
452,"0107400002",X BANNER MINI ,"","",Bahan,"01","074",S001,PCS,25000.0,40.00,10000.0,35000.0,0.00,0.00,0.00,0.00,0.00,0.00,0.00,0.00,,0.00,0.0,0.0,,0.00,0.0,0.0,,0.00,0.0,0.0,,0.00,0.0,0.0,,0.00,,0.0,1,0,0,25000.0,0.0,0.0,0.0,0.0,0.0,,2025-07-21,,10:34:54,0,1
453,"0107500001",Y BANNER FLEXY 280 (60X160),"","",Produk,"01","075",S001,PCS,0.0,0.00,0.0,0.0,0.00,0.00,0.00,0.00,0.00,0.00,0.00,0.00,,0.00,0.0,0.0,,0.00,0.0,0.0,,0.00,0.0,0.0,,0.00,0.0,0.0,,0.00,,0.0,1,0,0,0.0,0.0,0.0,0.0,0.0,0.0,,,,,0,1
454,"0107500002",Y BANNER FLEXY 280 (60X160),"","",Bahan,"01","075",S001,PCS,0.0,0.00,0.0,0.0,0.00,0.00,0.00,0.00,0.00,0.00,0.00,0.00,,0.00,0.0,0.0,,0.00,0.0,0.0,,0.00,0.0,0.0,,0.00,0.0,0.0,,0.00,,0.0,1,0,0,0.0,0.0,0.0,0.0,0.0,0.0,,,,,0,1
455,"0107600001",Y BANNER FLEXY 280 (80x180),"","",Produk,"01","076",S001,PCS,0.0,0.00,0.0,0.0,0.00,0.00,0.00,0.00,0.00,0.00,0.00,0.00,,0.00,0.0,0.0,,0.00,0.0,0.0,,0.00,0.0,0.0,,0.00,0.0,0.0,,0.00,,0.0,1,0,0,0.0,0.0,0.0,0.0,0.0,0.0,,2025-07-17,,11:11:54,0,1
456,"0107600002",Y BANNER FLEXY 280 (80X180),"","",Bahan,"01","076",S001,PCS,0.0,0.00,0.0,0.0,0.00,0.00,2.00,0.00,-2.00,0.00,0.00,0.00,,0.00,0.0,0.0,,0.00,0.0,0.0,,0.00,0.0,0.0,,0.00,0.0,0.0,,0.00,,0.0,1,0,0,0.0,0.0,0.0,0.0,0.0,0.0,,,,,0,1
457,"0107700001",Y BANNER FLEXY 280 HIRES (60X160),"","",Produk,"01","077",S001,PCS,0.0,0.00,0.0,0.0,0.00,0.00,0.00,0.00,0.00,0.00,0.00,0.00,,0.00,0.0,0.0,,0.00,0.0,0.0,,0.00,0.0,0.0,,0.00,0.0,0.0,,0.00,,0.0,1,0,0,0.0,0.0,0.0,0.0,0.0,0.0,,,,,0,1
458,"0107700002",Y BANNER FLEXY 280 HIRES (60X160),"","",Bahan,"01","077",S001,PCS,0.0,0.00,0.0,0.0,0.00,0.00,0.00,0.00,0.00,0.00,0.00,0.00,,0.00,0.0,0.0,,0.00,0.0,0.0,,0.00,0.0,0.0,,0.00,0.0,0.0,,0.00,,0.0,1,0,0,0.0,0.0,0.0,0.0,0.0,0.0,,,,,0,1
459,"0107800001",Y BANNER FLEXY 280 HIRES (80X160),"","",Produk,"01","078",S001,PCS,0.0,0.00,0.0,0.0,0.00,0.00,0.00,0.00,0.00,0.00,0.00,0.00,,0.00,0.0,0.0,,0.00,0.0,0.0,,0.00,0.0,0.0,,0.00,0.0,0.0,,0.00,,0.0,1,0,0,0.0,0.0,0.0,0.0,0.0,0.0,,,,,0,1
460,"0107800002",Y BANNER FLEXY 280 HIRES (80X160),"","",Bahan,"01","078",S001,PCS,0.0,0.00,0.0,0.0,0.00,0.00,0.00,0.00,0.00,0.00,0.00,0.00,,0.00,0.0,0.0,,0.00,0.0,0.0,,0.00,0.0,0.0,,0.00,0.0,0.0,,0.00,,0.0,1,0,0,0.0,0.0,0.0,0.0,0.0,0.0,,,,,0,1
461,"0107900001",Y BANNER KORCHIN 440 (60X160),"","",Produk,"01","079",S001,PCS,0.0,0.00,0.0,0.0,0.00,0.00,0.00,0.00,0.00,0.00,0.00,0.00,,0.00,0.0,0.0,,0.00,0.0,0.0,,0.00,0.0,0.0,,0.00,0.0,0.0,,0.00,,0.0,1,0,0,0.0,0.0,0.0,0.0,0.0,0.0,,,,,0,1
462,"0107900002",Y BANNER KORCHIN 440 (80X180),"","",Bahan,"01","080",S001,PCS,0.0,0.00,0.0,0.0,0.00,0.00,0.00,0.00,0.00,0.00,0.00,0.00,,0.00,0.0,0.0,,0.00,0.0,0.0,,0.00,0.0,0.0,,0.00,0.0,0.0,,0.00,,0.0,1,0,0,0.0,0.0,0.0,0.0,0.0,0.0,,2025-07-17,,11:21:53,0,1
463,"0107900003",Y BANNER KORCHIN 440 (60X160),"","",Bahan,"01","079",S001,PCS,0.0,0.00,0.0,0.0,0.00,0.00,0.00,0.00,0.00,0.00,0.00,0.00,,0.00,0.0,0.0,,0.00,0.0,0.0,,0.00,0.0,0.0,,0.00,0.0,0.0,,0.00,,0.0,1,0,0,0.0,0.0,0.0,0.0,0.0,0.0,,,,,0,1
464,"0107900004",Y BANNER KORCHIN 440 (80X180),"","",Produk,"01","080",S001,PCS,0.0,0.00,0.0,0.0,0.00,0.00,0.00,0.00,0.00,0.00,0.00,0.00,,0.00,0.0,0.0,,0.00,0.0,0.0,,0.00,0.0,0.0,,0.00,0.0,0.0,,0.00,,0.0,1,0,0,0.0,0.0,0.0,0.0,0.0,0.0,,2025-07-17,,11:21:37,0,1
465,"0108100001",Y BANNER ALBATROS (60X160),"","",Produk,"01","081",S001,PCS,0.0,0.00,0.0,0.0,0.00,0.00,0.00,0.00,0.00,0.00,0.00,0.00,,0.00,0.0,0.0,,0.00,0.0,0.0,,0.00,0.0,0.0,,0.00,0.0,0.0,,0.00,,0.0,1,0,0,0.0,0.0,0.0,0.0,0.0,0.0,,,,,0,1
466,"0108100002",Y BANNER ALBATROS (60X160),"","",Bahan,"01","081",S001,PCS,0.0,0.00,0.0,0.0,0.00,0.00,0.00,0.00,0.00,0.00,0.00,0.00,,0.00,0.0,0.0,,0.00,0.0,0.0,,0.00,0.0,0.0,,0.00,0.0,0.0,,0.00,,0.0,1,0,0,0.0,0.0,0.0,0.0,0.0,0.0,,2025-07-17,,11:24:28,0,1
467,"0108200001",Y BANNER ALBATROS (80X180),"","",Produk,"01","082",S001,PCS,0.0,0.00,0.0,0.0,0.00,0.00,0.00,0.00,0.00,0.00,0.00,0.00,,0.00,0.0,0.0,,0.00,0.0,0.0,,0.00,0.0,0.0,,0.00,0.0,0.0,,0.00,,0.0,1,0,0,0.0,0.0,0.0,0.0,0.0,0.0,,,,,0,1
468,"0108200002",Y BANNER ALBATROS (80X180),"","",Bahan,"01","082",S001,PCS,0.0,0.00,0.0,0.0,0.00,0.00,0.00,0.00,0.00,0.00,0.00,0.00,,0.00,0.0,0.0,,0.00,0.0,0.0,,0.00,0.0,0.0,,0.00,0.0,0.0,,0.00,,0.0,1,0,0,0.0,0.0,0.0,0.0,0.0,0.0,,,,,0,1
469,"0108200003",Y BANNER ALBATROS (80X180),"","",Bahan,"01","082",S001,PCS,0.0,0.00,0.0,0.0,0.00,0.00,0.00,0.00,0.00,0.00,0.00,0.00,,0.00,0.0,0.0,,0.00,0.0,0.0,,0.00,0.0,0.0,,0.00,0.0,0.0,,0.00,,0.0,1,0,0,0.0,0.0,0.0,0.0,0.0,0.0,,,,,0,1
470,"0108300001",Y BANNER ALBATROS LAM (60X160),"","",Produk,"01","083",S001,PCS,0.0,0.00,0.0,0.0,0.00,0.00,0.00,0.00,0.00,0.00,0.00,0.00,,0.00,0.0,0.0,,0.00,0.0,0.0,,0.00,0.0,0.0,,0.00,0.0,0.0,,0.00,,0.0,1,0,0,0.0,0.0,0.0,0.0,0.0,0.0,,,,,0,1
471,"0108300002",Y BANNER ALBATROS LAM (60X160),"","",Bahan,"01","083",S001,PCS,0.0,0.00,0.0,0.0,0.00,0.00,0.00,0.00,0.00,0.00,0.00,0.00,,0.00,0.0,0.0,,0.00,0.0,0.0,,0.00,0.0,0.0,,0.00,0.0,0.0,,0.00,,0.0,1,0,0,0.0,0.0,0.0,0.0,0.0,0.0,,,,,0,1
472,"0108400001",Y BANBER ALBATROS LAM (80X180),"","",Produk,"01","084",S001,PCS,0.0,0.00,0.0,0.0,0.00,0.00,0.00,0.00,0.00,0.00,0.00,0.00,,0.00,0.0,0.0,,0.00,0.0,0.0,,0.00,0.0,0.0,,0.00,0.0,0.0,,0.00,,0.0,1,0,0,0.0,0.0,0.0,0.0,0.0,0.0,,,,,0,1
473,"0108400002",Y BANNER ALBATROS LAM (80X180),"","",Bahan,"01","084",S001,PCS,0.0,0.00,0.0,0.0,0.00,0.00,0.00,0.00,0.00,0.00,0.00,0.00,,0.00,0.0,0.0,,0.00,0.0,0.0,,0.00,0.0,0.0,,0.00,0.0,0.0,,0.00,,0.0,1,0,0,0.0,0.0,0.0,0.0,0.0,0.0,,,,,0,1
474,"0108500001",Y BANNER LUSTER (60X160),"","",Produk,"01","085",S001,PCS,0.0,0.00,0.0,0.0,0.00,0.00,0.00,0.00,0.00,0.00,0.00,0.00,,0.00,0.0,0.0,,0.00,0.0,0.0,,0.00,0.0,0.0,,0.00,0.0,0.0,,0.00,,0.0,1,0,0,0.0,0.0,0.0,0.0,0.0,0.0,,,,,0,1
475,"0108500002",Y BANNER LUSTER (60X160),"","",Bahan,"01","085",S001,PCS,0.0,0.00,0.0,0.0,0.00,0.00,0.00,0.00,0.00,0.00,0.00,0.00,,0.00,0.0,0.0,,0.00,0.0,0.0,,0.00,0.0,0.0,,0.00,0.0,0.0,,0.00,,0.0,1,0,0,0.0,0.0,0.0,0.0,0.0,0.0,,,,,0,1
476,"0108600001",Y BANNER LUSTER (80X180),"","",Produk,"01","086",S001,PCS,0.0,0.00,0.0,0.0,0.00,0.00,0.00,0.00,0.00,0.00,0.00,0.00,,0.00,0.0,0.0,,0.00,0.0,0.0,,0.00,0.0,0.0,,0.00,0.0,0.0,,0.00,,0.0,1,0,0,0.0,0.0,0.0,0.0,0.0,0.0,,,,,0,1
477,"0108600002",Y BANNER LUSTER (80X180),"","",Bahan,"01","086",S001,PCS,0.0,0.00,0.0,0.0,0.00,0.00,0.00,0.00,0.00,0.00,0.00,0.00,,0.00,0.0,0.0,,0.00,0.0,0.0,,0.00,0.0,0.0,,0.00,0.0,0.0,,0.00,,0.0,1,0,0,0.0,0.0,0.0,0.0,0.0,0.0,,,,,0,1
481,"0108800001",F 280 DEWI ,"","",Produk,"01","088",S001,MTR,0.0,0.00,0.0,14400.0,0.00,0.00,0.00,0.00,0.00,0.00,0.00,0.00,,0.00,0.0,0.0,,0.00,0.0,0.0,,0.00,0.0,0.0,,0.00,0.0,0.0,,0.00,,0.0,1,0,0,0.0,0.0,0.0,0.0,0.0,0.0,,2025-07-21,,11:55:46,0,1
479,"0108700002",EVENT DESK,"","",Produk,"01","087",S001,PCS,0.0,0.00,0.0,850000.0,0.00,0.00,-2.00,0.00,2.00,0.00,0.00,0.00,,0.00,0.0,0.0,,0.00,0.0,0.0,,0.00,0.0,0.0,,0.00,0.0,0.0,,0.00,,0.0,1,0,0,0.0,0.0,0.0,0.0,0.0,0.0,,2025-07-18,,14:03:41,0,1
480,"0108700003",EVENT DESK ,"","",Bahan,"01","087",S001,PCS,650000.0,30.77,200000.0,850000.0,0.00,0.00,4.00,0.00,-4.00,0.00,0.00,0.00,,0.00,0.0,0.0,,0.00,0.0,0.0,,0.00,0.0,0.0,,0.00,0.0,0.0,,0.00,,0.0,1,0,0,650000.0,0.0,0.0,0.0,0.0,0.0,,2025-07-21,,10:35:28,0,1
482,"0108800002",F 280 DEWI,"","",Bahan,"01","088",S001,MTR,16000.0,25.00,4000.0,20000.0,0.00,0.00,0.72,0.00,-0.72,0.00,0.00,0.00,,0.00,0.0,0.0,,0.00,0.0,0.0,,0.00,0.0,0.0,,0.00,0.0,0.0,,0.00,,0.0,1,0,0,16000.0,0.0,0.0,0.0,0.0,0.0,,,,,0,1
483,"0108900001",Laminating 100 G Matte Uk 1.52 X 50 M ,"","",Bahan,"01","089",S001,PCS,554800.0,-100.00,-554800.0,0.0,76.00,0.00,0.00,0.00,76.00,0.00,0.00,0.00,,0.00,0.0,0.0,,0.00,0.0,0.0,,0.00,0.0,0.0,,0.00,0.0,0.0,,0.00,,0.0,1,0,0,554800.0,0.0,0.0,0.0,0.0,0.0,,2025-07-23,,17:27:39,0,1
484,"0109000001",Laminating 100 G Glossy Uk 1.07 X 50 M,"","",Bahan,"01","090",S001,PCS,374500.0,-100.00,-374500.0,0.0,53.50,0.00,0.00,0.00,53.50,0.00,0.00,0.00,,0.00,0.0,0.0,,0.00,0.0,0.0,,0.00,0.0,0.0,,0.00,0.0,0.0,,0.00,,0.0,1,0,0,374500.0,0.0,0.0,0.0,0.0,0.0,,2025-07-23,,17:27:39,0,1
485,"0109100001","Laminating 100 G Glossy Uk 1,27 X 50 M ","","",Bahan,"01","091",S001,PCS,444500.0,-100.00,-444500.0,0.0,63.50,0.00,0.00,0.00,63.50,0.00,0.00,0.00,,0.00,0.0,0.0,,0.00,0.0,0.0,,0.00,0.0,0.0,,0.00,0.0,0.0,,0.00,,0.0,1,0,0,444500.0,0.0,0.0,0.0,0.0,0.0,,2025-07-23,,17:27:39,0,1
486,"0109200001","Laminating 100 G Glossy Uk 1,.52 X 50 M","","",Bahan,"01","092",S001,PCS,554800.0,-100.00,-554800.0,0.0,76.00,0.00,0.00,0.00,76.00,0.00,0.00,0.00,,0.00,0.0,0.0,,0.00,0.0,0.0,,0.00,0.0,0.0,,0.00,0.0,0.0,,0.00,,0.0,1,0,0,554800.0,0.0,0.0,0.0,0.0,0.0,,2025-07-23,,17:27:39,0,1
487,"0100100001",Apollo Flex Fr 280 G Mv Uk 2.2 X 70 M,"","",Bahan,"01","093",S001,PCS,1185800.0,-100.00,-1185800.0,0.0,0.00,0.00,0.00,0.00,0.00,0.00,0.00,0.00,,0.00,0.0,0.0,,0.00,0.0,0.0,,0.00,0.0,0.0,,0.00,0.0,0.0,,0.00,,0.0,1,0,0,1185800.0,0.0,0.0,0.0,0.0,0.0,,2025-07-19,,11:35:45,0,1
488,"0109400001",Apollo Flex Fr 280 G Mv Uk 3.2 X 70 M,"","",Bahan,"01","094",S001,PCS,1724800.0,-100.00,-1724800.0,0.0,0.00,0.00,0.00,0.00,0.00,0.00,0.00,0.00,,0.00,0.0,0.0,,0.00,0.0,0.0,,0.00,0.0,0.0,,0.00,0.0,0.0,,0.00,,0.0,1,0,0,1724800.0,0.0,0.0,0.0,0.0,0.0,,2025-07-19,,11:37:34,0,1
489,"0109500001","Haled FR 440 MS Matte UK 3,2 x 55 m","","",Bahan,"01","095",S001,PCS,2640000.0,-100.00,-2640000.0,0.0,0.00,0.00,0.00,0.00,0.00,0.00,0.00,0.00,,0.00,0.0,0.0,,0.00,0.0,0.0,,0.00,0.0,0.0,,0.00,0.0,0.0,,0.00,,0.0,1,0,0,2640000.0,0.0,0.0,0.0,0.0,0.0,,,,,0,1
490,"0109600001","One Way Vision 140/20 Uk 1,27 X 50 M ","","",Bahan,"01","096",S001,PCS,1841500.0,-100.00,-1841500.0,0.0,0.00,0.00,0.00,0.00,0.00,0.00,0.00,0.00,,0.00,0.0,0.0,,0.00,0.0,0.0,,0.00,0.0,0.0,,0.00,0.0,0.0,,0.00,,0.0,1,0,0,1841500.0,0.0,0.0,0.0,0.0,0.0,,,,,0,1
491,"0109700001",Ri Jet 143 Gloss White Ap940 Uk 1.05 X 50 M,"","",Bahan,"01","097",S001,PCS,1155000.0,-100.00,-1155000.0,0.0,0.00,0.00,0.00,0.00,0.00,0.00,0.00,0.00,,0.00,0.0,0.0,,0.00,0.0,0.0,,0.00,0.0,0.0,,0.00,0.0,0.0,,0.00,,0.0,1,0,0,1155000.0,0.0,0.0,0.0,0.0,0.0,,,,,0,1
492,"0109800001",Ri Jet 143 Gloss White Ap940 Uk 1.26 X 50 M,"","",Bahan,"01","098",S001,PCS,1386000.0,-100.00,-1386000.0,0.0,0.00,0.00,0.00,0.00,0.00,0.00,0.00,0.00,,0.00,0.0,0.0,,0.00,0.0,0.0,,0.00,0.0,0.0,,0.00,0.0,0.0,,0.00,,0.0,1,0,0,1386000.0,0.0,0.0,0.0,0.0,0.0,,,,,0,1
493,"0109900001",Ri Jet 143 Gloss White Ap940 Uk 1.55 X 50M,"","",Bahan,"01","099",S001,PCS,1705000.0,-100.00,-1705000.0,0.0,0.00,0.00,0.00,0.00,0.00,0.00,0.00,0.00,,0.00,0.0,0.0,,0.00,0.0,0.0,,0.00,0.0,0.0,,0.00,0.0,0.0,,0.00,,0.0,1,0,0,1705000.0,0.0,0.0,0.0,0.0,0.0,,,,,0,1
494,"0110000001",Duratac Gp 1814 Uk 1.27 X 50 M,"","",Bahan,"01","100",S001,PCS,889000.0,-100.00,-889000.0,0.0,0.00,0.00,0.00,0.00,0.00,0.00,0.00,0.00,,0.00,0.0,0.0,,0.00,0.0,0.0,,0.00,0.0,0.0,,0.00,0.0,0.0,,0.00,,0.0,1,0,0,889000.0,0.0,0.0,0.0,0.0,0.0,,,,,0,1
495,"0110100001",Albatros Pp Film Uk 0.914 X 50 M,"","",Bahan,"01","101",S001,PCS,639800.0,-100.00,-639800.0,0.0,0.00,0.00,0.00,0.00,0.00,0.00,0.00,0.00,,0.00,0.0,0.0,,0.00,0.0,0.0,,0.00,0.0,0.0,,0.00,0.0,0.0,,0.00,,0.0,1,0,0,639800.0,0.0,0.0,0.0,0.0,0.0,,,,,0,1
496,"0110200001",Albatros Pp Film Uk 1.27 X 50 M,"","",Bahan,"01","102",S001,PCS,889000.0,-100.00,-889000.0,0.0,0.00,0.00,0.00,0.00,0.00,0.00,0.00,0.00,,0.00,0.0,0.0,,0.00,0.0,0.0,,0.00,0.0,0.0,,0.00,0.0,0.0,,0.00,,0.0,1,0,0,889000.0,0.0,0.0,0.0,0.0,0.0,,,,,0,1
497,"0110300001",Backlit Front Print Uk 1.27 X 50 M ,"","",Bahan,"01","103",S001,PCS,2286000.0,-100.00,-2286000.0,0.0,0.00,0.00,0.00,0.00,0.00,0.00,0.00,0.00,,0.00,0.0,0.0,,0.00,0.0,0.0,,0.00,0.0,0.0,,0.00,0.0,0.0,,0.00,,0.0,1,0,0,2286000.0,0.0,0.0,0.0,0.0,0.0,,,,,0,1
498,"0110400001",Projet Ecosol Gloss Photopaper Uk 1.27 X 30 M,"","",Bahan,"01","104",S001,PCS,971500.0,-100.00,-971500.0,0.0,0.00,0.00,0.00,0.00,0.00,0.00,0.00,0.00,,0.00,0.0,0.0,,0.00,0.0,0.0,,0.00,0.0,0.0,,0.00,0.0,0.0,,0.00,,0.0,1,0,0,971500.0,0.0,0.0,0.0,0.0,0.0,,,,,0,1
499,"0110500001",Laminating 100 G Matte Uk 1.07 X 50 M,"","",Bahan,"01","105",S001,PCS,374500.0,-100.00,-374500.0,0.0,53.50,0.00,0.00,0.00,53.50,0.00,0.00,0.00,,0.00,0.0,0.0,,0.00,0.0,0.0,,0.00,0.0,0.0,,0.00,0.0,0.0,,0.00,,0.0,1,0,0,374500.0,0.0,0.0,0.0,0.0,0.0,,2025-07-23,,17:27:39,0,1
500,"0110600001","Laminating 100 G Matte Uk 1,27 X 50 M ","","",Bahan,"01","106",S001,PCS,444500.0,-100.00,-444500.0,0.0,63.50,0.00,0.00,0.00,63.50,0.00,0.00,0.00,,0.00,0.0,0.0,,0.00,0.0,0.0,,0.00,0.0,0.0,,0.00,0.0,0.0,,0.00,,0.0,1,0,0,0.0,0.0,0.0,0.0,0.0,0.0,,2025-07-23,,17:27:39,0,1
502,"0108700004",BAHAN EVENT DESK,"","",Bahan,"01","087",S001,PCS,450000.0,-100.00,0.0,450000.0,0.00,2.00,0.00,0.00,2.00,0.00,0.00,0.00,,0.00,0.0,0.0,,0.00,0.0,0.0,,0.00,0.0,0.0,,0.00,0.0,0.0,,0.00,,0.0,1,0,0,450000.0,0.0,0.0,0.0,0.0,0.0,,2025-08-23,,15:54:29,0,1
503,"0109300001",Apollo Flex Fr 280 G Mv Uk 2.2 X 70 M,"","",Produk,"01","093",S001,PCS,0.0,0.00,0.0,0.0,0.00,0.00,-1.00,0.00,1.00,0.00,0.00,0.00,,0.00,0.0,0.0,,0.00,0.0,0.0,,0.00,0.0,0.0,,0.00,0.0,0.0,,0.00,,0.0,1,0,0,0.0,0.0,0.0,0.0,0.0,0.0,,2025-07-23,,09:10:57,0,1
504,"0108900002",Laminating 100 G Matte Uk 1.52 X 50 M ,"","",Produk,"01","089",S001,PCS,0.0,0.00,0.0,0.0,0.00,0.00,-1.00,0.00,1.00,0.00,0.00,0.00,,0.00,0.0,0.0,,0.00,0.0,0.0,,0.00,0.0,0.0,,0.00,0.0,0.0,,0.00,,0.0,1,0,0,0.0,0.0,0.0,0.0,0.0,0.0,,2025-07-23,,09:10:57,0,1
505,"0109000002",Laminating 100 G Glossy Uk 1.07 X 50 M,"","",Produk,"01","090",S001,PCS,0.0,0.00,0.0,0.0,0.00,0.00,0.00,0.00,0.00,0.00,0.00,0.00,,0.00,0.0,0.0,,0.00,0.0,0.0,,0.00,0.0,0.0,,0.00,0.0,0.0,,0.00,,0.0,1,0,0,0.0,0.0,0.0,0.0,0.0,0.0,,2025-07-23,,09:10:57,0,1
506,"0109100002","Laminating 100 G Glossy Uk 1,27 X 50 M ","","",Produk,"01","091",S001,PCS,0.0,0.00,0.0,0.0,0.00,0.00,-1.00,0.00,1.00,0.00,0.00,0.00,,0.00,0.0,0.0,,0.00,0.0,0.0,,0.00,0.0,0.0,,0.00,0.0,0.0,,0.00,,0.0,1,0,0,0.0,0.0,0.0,0.0,0.0,0.0,,2025-07-23,,09:10:57,0,1
507,"0109200002","Laminating 100 G Glossy Uk 1,.52 X 50 M","","",Produk,"01","092",S001,PCS,0.0,0.00,0.0,0.0,0.00,0.00,-1.00,0.00,1.00,0.00,0.00,0.00,,0.00,0.0,0.0,,0.00,0.0,0.0,,0.00,0.0,0.0,,0.00,0.0,0.0,,0.00,,0.0,1,0,0,0.0,0.0,0.0,0.0,0.0,0.0,,2025-07-23,,09:10:57,0,1
508,"0109400002",Apollo Flex Fr 280 G Mv Uk 3.2 X 70 M,"","",Produk,"01","094",S001,PCS,0.0,0.00,0.0,0.0,0.00,0.00,-2.00,0.00,2.00,0.00,0.00,0.00,,0.00,0.0,0.0,,0.00,0.0,0.0,,0.00,0.0,0.0,,0.00,0.0,0.0,,0.00,,0.0,1,0,0,0.0,0.0,0.0,0.0,0.0,0.0,,2025-07-23,,09:10:57,0,1
509,"0109500002","Haled FR 440 MS Matte UK 3,2 x 55 m","","",Produk,"01","095",S001,PCS,0.0,0.00,0.0,0.0,0.00,0.00,-1.00,0.00,1.00,0.00,0.00,0.00,,0.00,0.0,0.0,,0.00,0.0,0.0,,0.00,0.0,0.0,,0.00,0.0,0.0,,0.00,,0.0,1,0,0,0.0,0.0,0.0,0.0,0.0,0.0,,2025-07-23,,09:10:57,0,1
510,"0109600002","One Way Vision 140/20 Uk 1,27 X 50 M ","","",Produk,"01","096",S001,PCS,0.0,0.00,0.0,0.0,0.00,0.00,-1.00,0.00,1.00,0.00,0.00,0.00,,0.00,0.0,0.0,,0.00,0.0,0.0,,0.00,0.0,0.0,,0.00,0.0,0.0,,0.00,,0.0,1,0,0,0.0,0.0,0.0,0.0,0.0,0.0,,2025-07-23,,09:10:57,0,1
511,"0109700002",Ri Jet 143 Gloss White Ap940 Uk 1.05 X 50 M,"","",Produk,"01","097",S001,PCS,0.0,0.00,0.0,0.0,0.00,0.00,-1.00,0.00,1.00,0.00,0.00,0.00,,0.00,0.0,0.0,,0.00,0.0,0.0,,0.00,0.0,0.0,,0.00,0.0,0.0,,0.00,,0.0,1,0,0,0.0,0.0,0.0,0.0,0.0,0.0,,2025-07-23,,09:10:57,0,1
512,"0109800002",Ri Jet 143 Gloss White Ap940 Uk 1.26 X 50 M,"","",Produk,"01","098",S001,PCS,0.0,0.00,0.0,0.0,0.00,0.00,-1.00,0.00,1.00,0.00,0.00,0.00,,0.00,0.0,0.0,,0.00,0.0,0.0,,0.00,0.0,0.0,,0.00,0.0,0.0,,0.00,,0.0,1,0,0,0.0,0.0,0.0,0.0,0.0,0.0,,2025-07-23,,09:10:57,0,1
513,"0109900002",Ri Jet 143 Gloss White Ap940 Uk 1.55 X 50M,"","",Produk,"01","099",S001,PCS,0.0,0.00,0.0,0.0,0.00,0.00,-1.00,0.00,1.00,0.00,0.00,0.00,,0.00,0.0,0.0,,0.00,0.0,0.0,,0.00,0.0,0.0,,0.00,0.0,0.0,,0.00,,0.0,1,0,0,0.0,0.0,0.0,0.0,0.0,0.0,,2025-07-23,,09:10:57,0,1
514,"0110000002",Duratac Gp 1814 Uk 1.27 X 50 M,"","",Produk,"01","100",S001,PCS,0.0,0.00,0.0,0.0,0.00,0.00,-1.00,0.00,1.00,0.00,0.00,0.00,,0.00,0.0,0.0,,0.00,0.0,0.0,,0.00,0.0,0.0,,0.00,0.0,0.0,,0.00,,0.0,1,0,0,0.0,0.0,0.0,0.0,0.0,0.0,,2025-07-23,,09:10:57,0,1
515,"0110100002",Albatros Pp Film Uk 0.914 X 50 M,"","",Produk,"01","101",S001,PCS,0.0,0.00,0.0,0.0,0.00,0.00,-1.00,0.00,1.00,0.00,0.00,0.00,,0.00,0.0,0.0,,0.00,0.0,0.0,,0.00,0.0,0.0,,0.00,0.0,0.0,,0.00,,0.0,1,0,0,0.0,0.0,0.0,0.0,0.0,0.0,,2025-07-23,,09:10:57,0,1
516,"0110200002",Albatros Pp Film Uk 1.27 X 50 M,"","",Produk,"01","102",S001,PCS,0.0,0.00,0.0,0.0,0.00,0.00,-1.00,0.00,1.00,0.00,0.00,0.00,,0.00,0.0,0.0,,0.00,0.0,0.0,,0.00,0.0,0.0,,0.00,0.0,0.0,,0.00,,0.0,1,0,0,0.0,0.0,0.0,0.0,0.0,0.0,,2025-07-23,,09:10:57,0,1
517,"0110300002",Backlit Front Print Uk 1.27 X 50 M ,"","",Produk,"01","103",S001,PCS,0.0,0.00,0.0,0.0,0.00,0.00,-1.00,0.00,1.00,0.00,0.00,0.00,,0.00,0.0,0.0,,0.00,0.0,0.0,,0.00,0.0,0.0,,0.00,0.0,0.0,,0.00,,0.0,1,0,0,0.0,0.0,0.0,0.0,0.0,0.0,,2025-07-23,,09:10:57,0,1
518,"0110400002",Projet Ecosol Gloss Photopaper Uk 1.27 X 30 M,"","",Produk,"01","104",S001,PCS,0.0,0.00,0.0,0.0,0.00,0.00,-1.00,0.00,1.00,0.00,0.00,0.00,,0.00,0.0,0.0,,0.00,0.0,0.0,,0.00,0.0,0.0,,0.00,0.0,0.0,,0.00,,0.0,1,0,0,0.0,0.0,0.0,0.0,0.0,0.0,,2025-07-23,,09:10:57,0,1
519,"0110500002",Laminating 100 G Matte Uk 1.07 X 50 M,"","",Produk,"01","105",S001,PCS,0.0,0.00,0.0,0.0,0.00,0.00,-1.00,0.00,1.00,0.00,0.00,0.00,,0.00,0.0,0.0,,0.00,0.0,0.0,,0.00,0.0,0.0,,0.00,0.0,0.0,,0.00,,0.0,1,0,0,0.0,0.0,0.0,0.0,0.0,0.0,,2025-07-23,,09:10:57,0,1
520,"0110600002","Laminating 100 G Matte Uk 1,27 X 50 M ","","",Produk,"01","106",S001,PCS,0.0,0.00,0.0,0.0,0.00,0.00,-1.00,0.00,1.00,0.00,0.00,0.00,,0.00,0.0,0.0,,0.00,0.0,0.0,,0.00,0.0,0.0,,0.00,0.0,0.0,,0.00,,0.0,1,0,0,0.0,0.0,0.0,0.0,0.0,0.0,,2025-07-23,,09:10:57,0,1
521,"0110800001",FLEXY CHINA PROMO AGUSTUSAN,"","",Produk,"01","108",S001,MTR,0.0,0.00,0.0,15000.0,0.00,0.00,0.00,0.00,0.00,0.00,0.00,0.00,,0.00,0.0,0.0,,0.00,0.0,0.0,,0.00,0.0,0.0,,0.00,0.0,0.0,,0.00,,0.0,1,0,0,0.0,0.0,0.0,0.0,0.0,0.0,,2025-10-28,,16:06:15,0,1
522,"0110800002",FLEXY CHINA 280 PROMO AGUSTUSAN,"","",Bahan,"01","108",S001,MTR,0.0,0.00,0.0,0.0,0.00,0.00,1110.92,0.00,-1110.92,0.00,0.00,0.00,,0.00,0.0,0.0,,0.00,0.0,0.0,,0.00,0.0,0.0,,0.00,0.0,0.0,,0.00,,0.0,1,0,0,0.0,0.0,0.0,0.0,0.0,0.0,,,,,0,1
523,"0110900001",Lem Handsome,"","",Bahan,"01","109",S001,PCS,130000.0,-100.00,-130000.0,0.0,0.00,0.00,0.00,0.00,0.00,0.00,0.00,0.00,,0.00,0.0,0.0,,0.00,0.0,0.0,,0.00,0.0,0.0,,0.00,0.0,0.0,,0.00,,0.0,1,0,0,0.0,0.0,0.0,0.0,0.0,0.0,,2025-07-23,,10:00:12,0,1
524,"0111000001",Roll Up Alumunium 60 X 160 ,"","",Bahan,"01","110",S001,PCS,105000.0,0.00,0.0,105000.0,0.00,0.00,0.00,0.00,0.00,0.00,0.00,0.00,,0.00,0.0,0.0,,0.00,0.0,0.0,,0.00,0.0,0.0,,0.00,0.0,0.0,,0.00,,0.0,1,0,0,105000.0,0.0,0.0,0.0,0.0,0.0,,,,,0,1
525,"0111100001",Roll Up Alumunium 80 X 200,"","",Bahan,"01","111",S001,PCS,120000.0,-100.00,-120000.0,0.0,0.00,0.00,0.00,0.00,0.00,0.00,0.00,0.00,,0.00,0.0,0.0,,0.00,0.0,0.0,,0.00,0.0,0.0,,0.00,0.0,0.0,,0.00,,0.0,1,0,0,120000.0,0.0,0.0,0.0,0.0,0.0,,,,,0,1
526,"0111200001",Roll Up Alumunium 85 X 200,"","",Bahan,"01","112",S001,PCS,125000.0,-100.00,-125000.0,0.0,0.00,0.00,0.00,0.00,0.00,0.00,0.00,0.00,,0.00,0.0,0.0,,0.00,0.0,0.0,,0.00,0.0,0.0,,0.00,0.0,0.0,,0.00,,0.0,1,0,0,125000.0,0.0,0.0,0.0,0.0,0.0,,,,,0,1
527,"0111300001",X Banner Fiber 60 X 160 ,"","",Bahan,"01","113",S001,PCS,14000.0,-100.00,-14000.0,0.0,0.00,0.00,0.00,0.00,0.00,0.00,0.00,0.00,,0.00,0.0,0.0,,0.00,0.0,0.0,,0.00,0.0,0.0,,0.00,0.0,0.0,,0.00,,0.0,1,0,0,0.0,0.0,0.0,0.0,0.0,0.0,,2025-07-23,,10:41:36,0,1
528,"0111400001",Stick Swap (10pcs),"","",Bahan,"01","114",S001,PCS,50000.0,-100.00,-50000.0,0.0,0.00,0.00,0.00,0.00,0.00,0.00,0.00,0.00,,0.00,0.0,0.0,,0.00,0.0,0.0,,0.00,0.0,0.0,,0.00,0.0,0.0,,0.00,,0.0,1,0,0,50000.0,0.0,0.0,0.0,0.0,0.0,,,,,0,1
531,"0111700001",STICKER ONEWAY (IN),"","",Bahan,"01","117",S001,MTR,33000.0,112.12,37000.0,70000.0,0.00,0.00,9.04,0.00,-9.04,0.00,0.00,0.00,,0.00,0.0,0.0,,0.00,0.0,0.0,,0.00,0.0,0.0,,0.00,0.0,0.0,,0.00,,0.0,1,0,0,33000.0,0.0,0.0,0.0,0.0,0.0,,2025-08-07,,09:38:28,0,1
530,"0111500002","Bahan Flexy 280 Uk 2,2","","",Bahan,"01","115",S001,MTR,7695.0,-100.00,-7695.0,0.0,308.00,0.00,0.00,0.00,308.00,0.00,0.00,0.00,,0.00,0.0,0.0,,0.00,0.0,0.0,,0.00,0.0,0.0,,0.00,0.0,0.0,,0.00,,0.0,1,0,0,7700.0,0.0,0.0,0.0,0.0,0.0,,2025-07-23,,11:11:36,0,1
532,"0111700002",STICKER ONEWAY (IN),"","",Produk,"01","117",S001,MTR,0.0,0.00,0.0,70000.0,0.00,0.00,0.00,0.00,0.00,0.00,0.00,0.00,,0.00,0.0,0.0,,0.00,0.0,0.0,,0.00,0.0,0.0,,0.00,0.0,0.0,,0.00,,0.0,1,0,0,0.0,0.0,0.0,0.0,0.0,0.0,,2026-02-18,,13:39:30,0,1
533,"0111800001",STICKER ONEWAY (OUT),"","",Produk,"01","118",S001,MTR,0.0,0.00,0.0,33000.0,0.00,0.00,0.00,0.00,0.00,0.00,0.00,0.00,,0.00,0.0,0.0,,0.00,0.0,0.0,,0.00,0.0,0.0,,0.00,0.0,0.0,,0.00,,0.0,1,0,0,0.0,0.0,0.0,0.0,0.0,0.0,,,,,0,1
534,"0111800002",STICKER ONEWAY (OUT),"","",Bahan,"01","118",S001,MTR,33000.0,81.82,27000.0,60000.0,0.00,0.00,0.00,0.00,0.00,0.00,0.00,0.00,,0.00,0.0,0.0,,0.00,0.0,0.0,,0.00,0.0,0.0,,0.00,0.0,0.0,,0.00,,0.0,1,0,0,33000.0,0.0,0.0,0.0,0.0,0.0,,2025-08-07,,09:38:49,0,1
535,"0100100002",STAND BANNER (TANPA TRIPOD) 60X160,"","",Produk,"01","119",S001,PCS,0.0,0.00,0.0,30000.0,0.00,0.00,0.00,0.00,0.00,0.00,0.00,0.00,,0.00,0.0,0.0,,0.00,0.0,0.0,,0.00,0.0,0.0,,0.00,0.0,0.0,,0.00,,0.0,1,0,0,0.0,0.0,0.0,0.0,0.0,0.0,,2025-08-01,,10:33:07,0,1
536,"0111900001",STAND BANNER TANPA TRIPOD 60X160,"","",Produk,"01","119",S001,PCS,0.0,0.00,0.0,0.0,0.00,0.00,0.00,0.00,0.00,0.00,0.00,0.00,,0.00,0.0,0.0,,0.00,0.0,0.0,,0.00,0.0,0.0,,0.00,0.0,0.0,,0.00,,0.0,1,0,0,0.0,0.0,0.0,0.0,0.0,0.0,,,,,0,1
537,"0112000001",ART CARTON 260gr A3 + LAM DOFF,"","",Produk,"01","120",S001,LBR,0.0,0.00,0.0,17000.0,0.00,0.00,0.00,0.00,0.00,0.00,0.00,0.00,,0.00,0.0,0.0,,0.00,0.0,0.0,,0.00,0.0,0.0,,0.00,0.0,0.0,,0.00,,0.0,1,0,0,0.0,0.0,0.0,0.0,0.0,0.0,,2025-08-01,,10:33:07,0,1
538,"0112000002",ART CARTON 260gr A3 + LAM DOFF,"","",Bahan,"01","120",S001,LBR,0.0,0.00,0.0,0.0,0.00,0.00,0.00,0.00,0.00,0.00,0.00,0.00,,0.00,0.0,0.0,,0.00,0.0,0.0,,0.00,0.0,0.0,,0.00,0.0,0.0,,0.00,,0.0,1,0,0,0.0,0.0,0.0,0.0,0.0,0.0,,,,,0,1
539,"0100100003",STICKER CHROMO A3 + KISS CUT ,"","",Produk,"01","001",S001,LBR,0.0,0.00,0.0,15000.0,0.00,0.00,0.00,0.00,0.00,0.00,0.00,0.00,,0.00,0.0,0.0,,0.00,0.0,0.0,,0.00,0.0,0.0,,0.00,0.0,0.0,,0.00,,0.0,1,0,0,0.0,0.0,0.0,0.0,0.0,0.0,,2025-08-01,,10:33:07,0,1
540,"0112200001",STICKER VINYL A3 ,"","",Produk,"01","122",S001,PCS,0.0,0.00,0.0,15000.0,0.00,0.00,0.00,0.00,0.00,0.00,0.00,0.00,,0.00,0.0,0.0,,0.00,0.0,0.0,,0.00,0.0,0.0,,0.00,0.0,0.0,,0.00,,0.0,1,0,0,0.0,0.0,0.0,0.0,0.0,0.0,,2026-04-24,,13:35:40,0,1
541,"0112200002",STICKER VINYL A3,"","",Bahan,"01","122",S001,PCS,0.0,0.00,0.0,0.0,0.00,0.00,20.00,0.00,-20.00,0.00,0.00,0.00,,0.00,0.0,0.0,,0.00,0.0,0.0,,0.00,0.0,0.0,,0.00,0.0,0.0,,0.00,,0.0,1,0,0,0.0,0.0,0.0,0.0,0.0,0.0,,,,,0,1
542,"0112300001",STICKER VINYL A3 LAM GLOSSY DIECUT,"","",Produk,"01","123",S001,PCS,0.0,0.00,0.0,24000.0,0.00,0.00,0.00,0.00,0.00,0.00,0.00,0.00,,0.00,0.0,0.0,,0.00,0.0,0.0,,0.00,0.0,0.0,,0.00,0.0,0.0,,0.00,,0.0,1,0,0,0.0,0.0,0.0,0.0,0.0,0.0,,2025-08-02,,13:11:36,0,1
543,"0112300002",STICKER VINYL A3 LAM GLOSSY DIECUT,"","",Bahan,"01","123",S001,PCS,0.0,0.00,0.0,0.0,0.00,0.00,14.00,0.00,-14.00,0.00,0.00,0.00,,0.00,0.0,0.0,,0.00,0.0,0.0,,0.00,0.0,0.0,,0.00,0.0,0.0,,0.00,,0.0,1,0,0,0.0,0.0,0.0,0.0,0.0,0.0,,,,,0,1
544,"0112400001",BAHAN POLOSAN FLEXY,"","",Produk,"01","124",S001,MTR,0.0,0.00,0.0,12000.0,0.00,0.00,0.00,0.00,0.00,0.00,0.00,0.00,,0.00,0.0,0.0,,0.00,0.0,0.0,,0.00,0.0,0.0,,0.00,0.0,0.0,,0.00,,0.0,1,0,0,0.0,0.0,0.0,0.0,0.0,0.0,,2026-04-30,,11:35:36,0,1
545,"0112400002",BAHAN POLOSAN FLEXY,"","",Bahan,"01","124",S001,MTR,0.0,0.00,0.0,0.0,0.00,0.00,26.10,0.00,-26.10,0.00,0.00,0.00,,0.00,0.0,0.0,,0.00,0.0,0.0,,0.00,0.0,0.0,,0.00,0.0,0.0,,0.00,,0.0,1,0,0,0.0,0.0,0.0,0.0,0.0,0.0,,,,,0,1
546,"0112500001",BAHAN POLOSAN KORCHIN 440,"","",Produk,"01","125",S001,MTR,0.0,0.00,0.0,25000.0,0.00,0.00,0.00,0.00,0.00,0.00,0.00,0.00,,0.00,0.0,0.0,,0.00,0.0,0.0,,0.00,0.0,0.0,,0.00,0.0,0.0,,0.00,,0.0,1,0,0,0.0,0.0,0.0,0.0,0.0,0.0,,,,,0,1
547,"0112500002",BAHAN POLOSAN KORCHIN 440,"","",Bahan,"01","125",S001,MTR,0.0,0.00,0.0,0.0,0.00,0.00,0.00,0.00,0.00,0.00,0.00,0.00,,0.00,0.0,0.0,,0.00,0.0,0.0,,0.00,0.0,0.0,,0.00,0.0,0.0,,0.00,,0.0,1,0,0,0.0,0.0,0.0,0.0,0.0,0.0,,,,,0,1
548,"0112600001",STICKER SANBLAST + PASANG STASIUN BNI,"","",Produk,"01","126",S001,PCS,0.0,0.00,0.0,1000000.0,0.00,0.00,0.00,0.00,0.00,0.00,0.00,0.00,,0.00,0.0,0.0,,0.00,0.0,0.0,,0.00,0.0,0.0,,0.00,0.0,0.0,,0.00,,0.0,1,0,0,0.0,0.0,0.0,0.0,0.0,0.0,,2025-08-07,,10:12:06,0,1
549,"0112600002",STICKER SANBLAST + PASANG ,"","",Bahan,"01","126",S001,PCS,0.0,0.00,0.0,0.0,0.00,0.00,1.00,0.00,-1.00,0.00,0.00,0.00,,0.00,0.0,0.0,,0.00,0.0,0.0,,0.00,0.0,0.0,,0.00,0.0,0.0,,0.00,,0.0,1,0,0,0.0,0.0,0.0,0.0,0.0,0.0,,,,,0,1
550,"0112700001",BAHAN POLOSAN ONEWAY ,"","",Produk,"01","127",S001,MTR,0.0,0.00,0.0,45000.0,0.00,0.00,0.00,0.00,0.00,0.00,0.00,0.00,,0.00,0.0,0.0,,0.00,0.0,0.0,,0.00,0.0,0.0,,0.00,0.0,0.0,,0.00,,0.0,1,0,0,0.0,0.0,0.0,0.0,0.0,0.0,,2025-08-12,,13:46:25,0,1
551,"0112700002",BAHAN POLOSAN ONEWAY,"","",Bahan,"01","127",S001,MTR,0.0,0.00,0.0,0.0,0.00,0.00,7.20,0.00,-7.20,0.00,0.00,0.00,,0.00,0.0,0.0,,0.00,0.0,0.0,,0.00,0.0,0.0,,0.00,0.0,0.0,,0.00,,0.0,1,0,0,0.0,0.0,0.0,0.0,0.0,0.0,,,,,0,1
552,"0100100004",Mata Ayam Single (bergerigi),"","",Bahan,"01","128",S001,PCS,75000.0,0.00,0.0,75000.0,0.00,0.00,0.00,0.00,0.00,0.00,0.00,0.00,,0.00,0.0,0.0,,0.00,0.0,0.0,,0.00,0.0,0.0,,0.00,0.0,0.0,,0.00,,0.0,1,0,0,75000.0,0.0,0.0,0.0,0.0,0.0,,2025-08-07,,11:02:24,0,1
553,"0112900001",GLOBAL SPANDUK RUMAH ,"","",Produk,"01","129",S001,PCS,0.0,0.00,0.0,40000.0,0.00,0.00,0.00,0.00,0.00,0.00,0.00,0.00,,0.00,0.0,0.0,,0.00,0.0,0.0,,0.00,0.0,0.0,,0.00,0.0,0.0,,0.00,,0.0,1,0,0,0.0,0.0,0.0,0.0,0.0,0.0,,2025-08-07,,11:46:00,0,1
554,"0113000001",STICKER RITRAMA (IN) RESELER,"","",Produk,"01","130",S001,MTR,0.0,0.00,0.0,60000.0,0.00,0.00,0.00,0.00,0.00,0.00,0.00,0.00,,0.00,0.0,0.0,,0.00,0.0,0.0,,0.00,0.0,0.0,,0.00,0.0,0.0,,0.00,,0.0,1,0,0,0.0,0.0,0.0,0.0,0.0,0.0,,2025-09-18,,12:07:16,0,1
555,"0113000002",STICKER RITRAMA (IN) RESELER,"","",Bahan,"01","130",S001,MTR,0.0,0.00,0.0,0.0,0.00,0.00,57.65,0.00,-57.65,0.00,0.00,0.00,,0.00,0.0,0.0,,0.00,0.0,0.0,,0.00,0.0,0.0,,0.00,0.0,0.0,,0.00,,0.0,1,0,0,0.0,0.0,0.0,0.0,0.0,0.0,,,,,0,1
556,"0113100001",STICKER + IMPRABOARD,"","",Produk,"01","001",S001,PCS,0.0,0.00,0.0,260000.0,0.00,0.00,0.00,0.00,0.00,0.00,0.00,0.00,,0.00,0.0,0.0,,0.00,0.0,0.0,,0.00,0.0,0.0,,0.00,0.0,0.0,,0.00,,0.0,1,0,0,0.0,0.0,0.0,0.0,0.0,0.0,,2026-04-25,,16:13:55,0,1
557,"0113100002",STICKEER + IMPRABOARD,"","",Bahan,"01","131",S001,MTR,0.0,0.00,0.0,0.0,0.00,0.00,68.70,0.00,-68.70,0.00,0.00,0.00,,0.00,0.0,0.0,,0.00,0.0,0.0,,0.00,0.0,0.0,,0.00,0.0,0.0,,0.00,,0.0,1,0,0,0.0,0.0,0.0,0.0,0.0,0.0,,,,,0,1
558,"0113200001",REALME 0.60 X 0.84,"","",Produk,"01","132",S001,PCS,0.0,0.00,0.0,50000.0,0.00,0.00,0.00,0.00,0.00,0.00,0.00,0.00,,0.00,0.0,0.0,,0.00,0.0,0.0,,0.00,0.0,0.0,,0.00,0.0,0.0,,0.00,,0.0,1,0,0,0.0,0.0,0.0,0.0,0.0,0.0,,2025-09-20,,14:48:17,0,1
559,"0113200002",REALME 0.60 X 0.84,"","",Bahan,"01","132",S001,PCS,0.0,0.00,0.0,0.0,0.00,0.00,13.00,0.00,-13.00,0.00,0.00,0.00,,0.00,0.0,0.0,,0.00,0.0,0.0,,0.00,0.0,0.0,,0.00,0.0,0.0,,0.00,,0.0,1,0,0,0.0,0.0,0.0,0.0,0.0,0.0,,,,,0,1
560,"0113300001",REALME 0.42 X 0.60,"","",Produk,"01","133",S001,PCS,0.0,0.00,0.0,27000.0,0.00,0.00,0.00,0.00,0.00,0.00,0.00,0.00,,0.00,0.0,0.0,,0.00,0.0,0.0,,0.00,0.0,0.0,,0.00,0.0,0.0,,0.00,,0.0,1,0,0,0.0,0.0,0.0,0.0,0.0,0.0,,2025-09-20,,14:48:17,0,1
561,"0113300002",REALME 0.42 X 0.60,"","",Bahan,"01","133",S001,PCS,0.0,0.00,0.0,0.0,0.00,0.00,3.00,0.00,-3.00,0.00,0.00,0.00,,0.00,0.0,0.0,,0.00,0.0,0.0,,0.00,0.0,0.0,,0.00,0.0,0.0,,0.00,,0.0,1,0,0,0.0,0.0,0.0,0.0,0.0,0.0,,,,,0,1
562,"0100100005",REALME 0.16 X 0.28.2,"","",Produk,"01","134",S001,PCS,0.0,0.00,0.0,7000.0,0.00,0.00,0.00,0.00,0.00,0.00,0.00,0.00,,0.00,0.0,0.0,,0.00,0.0,0.0,,0.00,0.0,0.0,,0.00,0.0,0.0,,0.00,,0.0,1,0,0,0.0,0.0,0.0,0.0,0.0,0.0,,2025-09-20,,14:48:17,0,1
563,"0113400001",REALME 0.16 X 0.28.2,"","",Bahan,"01","134",S001,PCS,0.0,0.00,0.0,0.0,0.00,0.00,72.00,0.00,-72.00,0.00,0.00,0.00,,0.00,0.0,0.0,,0.00,0.0,0.0,,0.00,0.0,0.0,,0.00,0.0,0.0,,0.00,,0.0,1,0,0,0.0,0.0,0.0,0.0,0.0,0.0,,,,,0,1
564,"0113500001",REALME 0.62.1 X 0.10,"","",Produk,"01","135",S001,PCS,0.0,0.00,0.0,10000.0,0.00,0.00,0.00,0.00,0.00,0.00,0.00,0.00,,0.00,0.0,0.0,,0.00,0.0,0.0,,0.00,0.0,0.0,,0.00,0.0,0.0,,0.00,,0.0,1,0,0,0.0,0.0,0.0,0.0,0.0,0.0,,2025-09-20,,14:48:17,0,1
565,"0113500002",REALME 0.62.1 X 0.10,"","",Bahan,"01","135",S001,PCS,0.0,0.00,0.0,0.0,0.00,0.00,18.00,0.00,-18.00,0.00,0.00,0.00,,0.00,0.0,0.0,,0.00,0.0,0.0,,0.00,0.0,0.0,,0.00,0.0,0.0,,0.00,,0.0,1,0,0,0.0,0.0,0.0,0.0,0.0,0.0,,,,,0,1
566,"0113600001",REALME 0.43.8 X 0.08,"","",Produk,"01","136",S001,PCS,0.0,0.00,0.0,6000.0,0.00,0.00,0.00,0.00,0.00,0.00,0.00,0.00,,0.00,0.0,0.0,,0.00,0.0,0.0,,0.00,0.0,0.0,,0.00,0.0,0.0,,0.00,,0.0,1,0,0,0.0,0.0,0.0,0.0,0.0,0.0,,2025-09-20,,14:48:17,0,1
567,"0113600002",REALME 0.43.8 X 0.08,"","",Bahan,"01","136",S001,PCS,0.0,0.00,0.0,0.0,0.00,0.00,5.00,0.00,-5.00,0.00,0.00,0.00,,0.00,0.0,0.0,,0.00,0.0,0.0,,0.00,0.0,0.0,,0.00,0.0,0.0,,0.00,,0.0,1,0,0,0.0,0.0,0.0,0.0,0.0,0.0,,,,,0,1
568,"0113700001",LAMINATING,"","",Produk,"01","137",S001,PCS,0.0,0.00,0.0,20000.0,0.00,0.00,0.00,0.00,0.00,0.00,0.00,0.00,,0.00,0.0,0.0,,0.00,0.0,0.0,,0.00,0.0,0.0,,0.00,0.0,0.0,,0.00,,0.0,1,0,0,0.0,0.0,0.0,0.0,0.0,0.0,,2025-08-12,,09:02:29,0,1
569,"0113800001",KARTU NAMA 2 SIDE,"","",Produk,"01","138",S001,BOX,0.0,0.00,0.0,75000.0,0.00,0.00,0.00,0.00,0.00,0.00,0.00,0.00,,0.00,0.0,0.0,,0.00,0.0,0.0,,0.00,0.0,0.0,,0.00,0.0,0.0,,0.00,,0.0,1,0,0,0.0,0.0,0.0,0.0,0.0,0.0,,2025-11-22,,13:52:07,0,1
570,"0113800002",KARTU NAMA 2 SIDE,"","",Bahan,"01","138",S001,BOX,0.0,0.00,0.0,0.0,0.00,0.00,3.00,0.00,-3.00,0.00,0.00,0.00,,0.00,0.0,0.0,,0.00,0.0,0.0,,0.00,0.0,0.0,,0.00,0.0,0.0,,0.00,,0.0,1,0,0,0.0,0.0,0.0,0.0,0.0,0.0,,,,,0,1
571,"0113900001",ART CARTON A4,"","",Produk,"01","139",S001,PCS,0.0,0.00,0.0,10000.0,0.00,0.00,0.00,0.00,0.00,0.00,0.00,0.00,,0.00,0.0,0.0,,0.00,0.0,0.0,,0.00,0.0,0.0,,0.00,0.0,0.0,,0.00,,0.0,1,0,0,0.0,0.0,0.0,0.0,0.0,0.0,,2025-10-09,,15:33:03,0,1
572,"0113900002",ART CARTOON A4,"","",Bahan,"01","139",S001,PCS,0.0,0.00,0.0,0.0,0.00,0.00,7.00,0.00,-7.00,0.00,0.00,0.00,,0.00,0.0,0.0,,0.00,0.0,0.0,,0.00,0.0,0.0,,0.00,0.0,0.0,,0.00,,0.0,1,0,0,0.0,0.0,0.0,0.0,0.0,0.0,,,,,0,1
573,"0501200002",STICKER VINYL RITRAMA LAM (OUT),"","",Bahan,"05","012",S001,MTR,0.0,0.00,0.0,0.0,0.00,0.00,1.14,0.00,-1.14,0.00,0.00,0.00,,0.00,0.0,0.0,,0.00,0.0,0.0,,0.00,0.0,0.0,,0.00,0.0,0.0,,0.00,,0.0,1,0,0,0.0,0.0,0.0,0.0,0.0,0.0,,,,,0,1
574,"0114000001",ART CARTOON 20X30CM,"","",Produk,"01","140",S001,PCS,0.0,0.00,0.0,6500.0,0.00,0.00,0.00,0.00,0.00,0.00,0.00,0.00,,0.00,0.0,0.0,,0.00,0.0,0.0,,0.00,0.0,0.0,,0.00,0.0,0.0,,0.00,,0.0,1,0,0,0.0,0.0,0.0,0.0,0.0,0.0,,2025-08-14,,17:28:31,0,1
575,"0114000002",ART CARTOON 20X30CM,"","",Bahan,"01","140",S001,PCS,0.0,0.00,0.0,0.0,0.00,0.00,0.00,0.00,0.00,0.00,0.00,0.00,,0.00,0.0,0.0,,0.00,0.0,0.0,,0.00,0.0,0.0,,0.00,0.0,0.0,,0.00,,0.0,1,0,0,0.0,0.0,0.0,0.0,0.0,0.0,,,,,0,1
576,"0114100001",FLEXY KORCHIN 440 RESELLER,"","",Produk,"01","141",S001,MTR,0.0,0.00,0.0,30000.0,0.00,0.00,0.00,0.00,0.00,0.00,0.00,0.00,,0.00,0.0,0.0,,0.00,0.0,0.0,,0.00,0.0,0.0,,0.00,0.0,0.0,,0.00,,0.0,1,0,0,0.0,0.0,0.0,0.0,0.0,0.0,,2025-08-19,,10:06:38,0,1
577,"0114100002",FLEXY KORCHIN 440 RESELLER,"","",Bahan,"01","141",S001,MTR,0.0,0.00,0.0,0.0,0.00,0.00,92.80,0.00,-92.80,0.00,0.00,0.00,,0.00,0.0,0.0,,0.00,0.0,0.0,,0.00,0.0,0.0,,0.00,0.0,0.0,,0.00,,0.0,1,0,0,0.0,0.0,0.0,0.0,0.0,0.0,,,,,0,1
578,"0114200001",GELANG ALBATROS,"","",Produk,"01","142",S001,PCS,0.0,0.00,0.0,300.0,0.00,0.00,0.00,0.00,0.00,0.00,0.00,0.00,,0.00,0.0,0.0,,0.00,0.0,0.0,,0.00,0.0,0.0,,0.00,0.0,0.0,,0.00,,0.0,1,0,0,0.0,0.0,0.0,0.0,0.0,0.0,,2025-09-22,,16:29:34,0,1
579,"0114200002",GELANG ALBATROS,"","",Bahan,"01","142",S001,PCS,0.0,0.00,0.0,0.0,0.00,0.00,8700.00,0.00,-8700.00,0.00,0.00,0.00,,0.00,0.0,0.0,,0.00,0.0,0.0,,0.00,0.0,0.0,,0.00,0.0,0.0,,0.00,,0.0,1,0,0,0.0,0.0,0.0,0.0,0.0,0.0,,,,,0,1
580,"0114300001",STICKER + POLYFOAM,"","",Produk,"01","143",S001,PCS,0.0,0.00,0.0,20000.0,0.00,0.00,0.00,0.00,0.00,0.00,0.00,0.00,,0.00,0.0,0.0,,0.00,0.0,0.0,,0.00,0.0,0.0,,0.00,0.0,0.0,,0.00,,0.0,1,0,0,0.0,0.0,0.0,0.0,0.0,0.0,,2026-03-10,,15:28:12,0,1
581,"0114300002",STICKER + POLYFOAM,"","",Bahan,"01","143",S001,PCS,0.0,0.00,0.0,0.0,0.00,0.00,159.00,0.00,-159.00,0.00,0.00,0.00,,0.00,0.0,0.0,,0.00,0.0,0.0,,0.00,0.0,0.0,,0.00,0.0,0.0,,0.00,,0.0,1,0,0,0.0,0.0,0.0,0.0,0.0,0.0,,,,,0,1
582,"0114400001",REALME 28X70,"","",Produk,"01","144",S001,PCS,0.0,0.00,0.0,20000.0,0.00,0.00,0.00,0.00,0.00,0.00,0.00,0.00,,0.00,0.0,0.0,,0.00,0.0,0.0,,0.00,0.0,0.0,,0.00,0.0,0.0,,0.00,,0.0,1,0,0,0.0,0.0,0.0,0.0,0.0,0.0,,2025-09-22,,16:34:04,0,1
583,"0114400002",REALME 28 X 70,"","",Bahan,"01","144",S001,PCS,0.0,0.00,0.0,0.0,0.00,0.00,5.00,0.00,-5.00,0.00,0.00,0.00,,0.00,0.0,0.0,,0.00,0.0,0.0,,0.00,0.0,0.0,,0.00,0.0,0.0,,0.00,,0.0,1,0,0,0.0,0.0,0.0,0.0,0.0,0.0,,,,,0,1
586,"0108700005",BAHAN EVENTDESK,"","",Bahan,"01","087",S001,PCS,0.0,0.00,0.0,450000.0,0.00,0.00,0.00,0.00,0.00,0.00,0.00,0.00,,0.00,0.0,0.0,,0.00,0.0,0.0,,0.00,0.0,0.0,,0.00,0.0,0.0,,0.00,,0.0,1,0,0,0.0,0.0,0.0,0.0,0.0,0.0,,,,,0,1
587,"0114500001",LAMINATING,"","",Produk,"01","145",S001,MTR,0.0,0.00,0.0,10000.0,0.00,0.00,0.00,0.00,0.00,0.00,0.00,0.00,,0.00,0.0,0.0,,0.00,0.0,0.0,,0.00,0.0,0.0,,0.00,0.0,0.0,,0.00,,0.0,1,0,0,0.0,0.0,0.0,0.0,0.0,0.0,,2026-02-28,,15:34:27,0,1
588,"0114500002",LAMINATING,"","",Bahan,"01","145",S001,MTR,0.0,0.00,0.0,0.0,0.00,0.00,19.02,0.00,-19.02,0.00,0.00,0.00,,0.00,0.0,0.0,,0.00,0.0,0.0,,0.00,0.0,0.0,,0.00,0.0,0.0,,0.00,,0.0,1,0,0,0.0,0.0,0.0,0.0,0.0,0.0,,,,,0,1
589,"0114600001",KARTU NAMA 1 SISI,"","",Produk,"01","146",S001,BOX,0.0,0.00,0.0,50000.0,0.00,0.00,0.00,0.00,0.00,0.00,0.00,0.00,,0.00,0.0,0.0,,0.00,0.0,0.0,,0.00,0.0,0.0,,0.00,0.0,0.0,,0.00,,0.0,1,0,0,0.0,0.0,0.0,0.0,0.0,0.0,,2025-08-25,,16:48:59,0,1
590,"0114600002",KARTU NAMA 1 SISI,"","",Bahan,"01","146",S001,BOX,0.0,0.00,0.0,0.0,0.00,0.00,0.00,0.00,0.00,0.00,0.00,0.00,,0.00,0.0,0.0,,0.00,0.0,0.0,,0.00,0.0,0.0,,0.00,0.0,0.0,,0.00,,0.0,1,0,0,0.0,0.0,0.0,0.0,0.0,0.0,,2025-08-25,,16:48:36,0,1
591,"0114700001",FLEXY KORCHIN 385 (OUT),"","",Produk,"01","147",S001,MTR,0.0,0.00,0.0,33000.0,0.00,0.00,0.00,0.00,0.00,0.00,0.00,0.00,,0.00,0.0,0.0,,0.00,0.0,0.0,,0.00,0.0,0.0,,0.00,0.0,0.0,,0.00,,0.0,1,0,0,0.0,0.0,0.0,0.0,0.0,0.0,,2026-04-28,,13:22:50,0,1
592,"0114700002",FLEXY KORCHIN 385 (OUT),"","",Bahan,"01","147",S001,MTR,0.0,0.00,0.0,0.0,0.00,0.00,182.65,0.00,-182.65,0.00,0.00,0.00,,0.00,0.0,0.0,,0.00,0.0,0.0,,0.00,0.0,0.0,,0.00,0.0,0.0,,0.00,,0.0,1,0,0,0.0,0.0,0.0,0.0,0.0,0.0,,,,,0,1
593,"0114800001",X BANNER FLEXY KORCHIN 385 (60x160),"","",Bahan,"01","148",S001,PCS,0.0,0.00,0.0,85000.0,0.00,0.00,5.00,0.00,-5.00,0.00,0.00,0.00,,0.00,0.0,0.0,,0.00,0.0,0.0,,0.00,0.0,0.0,,0.00,0.0,0.0,,0.00,,0.0,1,0,0,0.0,0.0,0.0,0.0,0.0,0.0,,2025-08-26,,13:22:25,0,1
594,"0114800002",X BANNER FLEXY KORCHIN 385 (60X160),"","",Produk,"01","148",S001,PCS,0.0,0.00,0.0,85000.0,0.00,0.00,0.00,0.00,0.00,0.00,0.00,0.00,,0.00,0.0,0.0,,0.00,0.0,0.0,,0.00,0.0,0.0,,0.00,0.0,0.0,,0.00,,0.0,1,0,0,0.0,0.0,0.0,0.0,0.0,0.0,,2026-02-19,,14:03:11,0,1
595,"0114900001",RU BANNER FLEXY KORCHIN 385 (60X160),"","",Produk,"01","149",S001,PCS,0.0,0.00,0.0,210000.0,0.00,0.00,0.00,0.00,0.00,0.00,0.00,0.00,,0.00,0.0,0.0,,0.00,0.0,0.0,,0.00,0.0,0.0,,0.00,0.0,0.0,,0.00,,0.0,1,0,0,0.0,0.0,0.0,0.0,0.0,0.0,,2026-02-11,,08:56:08,0,1
596,"0114900002",RU BANNER FLEXY KORCHIN 385 (60X160),"","",Bahan,"01","149",S001,PCS,0.0,0.00,0.0,0.0,0.00,0.00,3.00,0.00,-3.00,0.00,0.00,0.00,,0.00,0.0,0.0,,0.00,0.0,0.0,,0.00,0.0,0.0,,0.00,0.0,0.0,,0.00,,0.0,1,0,0,0.0,0.0,0.0,0.0,0.0,0.0,,,,,0,1
597,"0114900003",RU BANNER FLEXY KORCHIN 385 (80X200),"","",Produk,"01","149",S001,PCS,0.0,0.00,0.0,255000.0,0.00,0.00,0.00,0.00,0.00,0.00,0.00,0.00,,0.00,0.0,0.0,,0.00,0.0,0.0,,0.00,0.0,0.0,,0.00,0.0,0.0,,0.00,,0.0,1,0,0,0.0,0.0,0.0,0.0,0.0,0.0,,,,,0,1
598,"0114900004",RU BANNER FLEXY KORCHIN 385 (80X200),"","",Bahan,"01","149",S001,PCS,0.0,0.00,0.0,0.0,0.00,0.00,0.00,0.00,0.00,0.00,0.00,0.00,,0.00,0.0,0.0,,0.00,0.0,0.0,,0.00,0.0,0.0,,0.00,0.0,0.0,,0.00,,0.0,1,0,0,0.0,0.0,0.0,0.0,0.0,0.0,,,,,0,1
599,"0114900005",RU BANNER FLEXY KORCHIN 385 (85X200),"","",Produk,"01","149",S001,PCS,0.0,0.00,0.0,260000.0,0.00,0.00,0.00,0.00,0.00,0.00,0.00,0.00,,0.00,0.0,0.0,,0.00,0.0,0.0,,0.00,0.0,0.0,,0.00,0.0,0.0,,0.00,,0.0,1,0,0,0.0,0.0,0.0,0.0,0.0,0.0,,,,,0,1
600,"0114900006",RU BANNER FLEXY KORCHIN 385 (85X200),"","",Bahan,"01","149",S001,PCS,0.0,0.00,0.0,0.0,0.00,0.00,0.00,0.00,0.00,0.00,0.00,0.00,,0.00,0.0,0.0,,0.00,0.0,0.0,,0.00,0.0,0.0,,0.00,0.0,0.0,,0.00,,0.0,1,0,0,0.0,0.0,0.0,0.0,0.0,0.0,,,,,0,1
601,"0115000001",STICKER VINYL A3 CHINA & RITRAMA,"","",Produk,"01","150",S001,PCS,0.0,0.00,0.0,7500.0,0.00,0.00,0.00,0.00,0.00,0.00,0.00,0.00,,0.00,0.0,0.0,,0.00,0.0,0.0,,0.00,0.0,0.0,,0.00,0.0,0.0,,0.00,,0.0,1,0,0,0.0,0.0,0.0,0.0,0.0,0.0,,2025-09-09,,14:34:42,0,1
602,"0115000002",STICKER VINYL A3 CHINA & RITRAMA,"","",Bahan,"01","150",S001,PCS,0.0,0.00,0.0,0.0,0.00,0.00,2.00,0.00,-2.00,0.00,0.00,0.00,,0.00,0.0,0.0,,0.00,0.0,0.0,,0.00,0.0,0.0,,0.00,0.0,0.0,,0.00,,0.0,1,0,0,0.0,0.0,0.0,0.0,0.0,0.0,,2025-09-09,,10:52:41,0,1
603,"0115100001",KD BOARD,"","",Produk,"01","151",S001,PCS,0.0,0.00,0.0,65000.0,0.00,0.00,0.00,0.00,0.00,0.00,0.00,0.00,,0.00,0.0,0.0,,0.00,0.0,0.0,,0.00,0.0,0.0,,0.00,0.0,0.0,,0.00,,0.0,1,0,0,0.0,0.0,0.0,0.0,0.0,0.0,,2026-04-08,,17:26:27,0,1
604,"0115100002",KD BOARD,"","",Bahan,"01","151",S001,PCS,0.0,0.00,0.0,0.0,0.00,0.00,81.84,0.00,-81.84,0.00,0.00,0.00,,0.00,0.0,0.0,,0.00,0.0,0.0,,0.00,0.0,0.0,,0.00,0.0,0.0,,0.00,,0.0,1,0,0,0.0,0.0,0.0,0.0,0.0,0.0,,,,,0,1
605,"0115200001",FOAMBOARD,"","",Produk,"01","152",S001,PCS,0.0,0.00,0.0,50000.0,0.00,0.00,0.00,0.00,0.00,0.00,0.00,0.00,,0.00,0.0,0.0,,0.00,0.0,0.0,,0.00,0.0,0.0,,0.00,0.0,0.0,,0.00,,0.0,1,0,0,0.0,0.0,0.0,0.0,0.0,0.0,,2026-04-06,,13:20:09,0,1
606,"0115300001",TRIPOD BANNER SET,"","",Produk,"01","153",S001,PCS,0.0,0.00,0.0,140000.0,0.00,0.00,0.00,0.00,0.00,0.00,0.00,0.00,,0.00,0.0,0.0,,0.00,0.0,0.0,,0.00,0.0,0.0,,0.00,0.0,0.0,,0.00,,0.0,1,0,0,0.0,0.0,0.0,0.0,0.0,0.0,,2026-04-23,,16:13:26,0,1
607,"0115300002",TRIPOD BANNER SET,"","",Bahan,"01","153",S001,PCS,0.0,0.00,0.0,0.0,0.00,0.00,11.00,0.00,-11.00,0.00,0.00,0.00,,0.00,0.0,0.0,,0.00,0.0,0.0,,0.00,0.0,0.0,,0.00,0.0,0.0,,0.00,,0.0,1,0,0,0.0,0.0,0.0,0.0,0.0,0.0,,,,,0,1
608,"0115400001",LUSTER,"","",Produk,"01","154",S001,MTR,0.0,0.00,0.0,60000.0,0.00,0.00,0.00,0.00,0.00,0.00,0.00,0.00,,0.00,0.0,0.0,,0.00,0.0,0.0,,0.00,0.0,0.0,,0.00,0.0,0.0,,0.00,,0.0,1,0,0,0.0,0.0,0.0,0.0,0.0,0.0,,2025-09-29,,15:14:23,0,1
609,"0115400002",LUSTER,"","",Bahan,"01","154",S001,MTR,0.0,0.00,0.0,0.0,0.00,0.00,0.42,0.00,-0.42,0.00,0.00,0.00,,0.00,0.0,0.0,,0.00,0.0,0.0,,0.00,0.0,0.0,,0.00,0.0,0.0,,0.00,,0.0,1,0,0,0.0,0.0,0.0,0.0,0.0,0.0,,,,,0,1
610,"0115200002",FOAMBOARD A2,"","",Produk,"01","152",S001,PCS,0.0,0.00,0.0,35000.0,0.00,0.00,0.00,0.00,0.00,0.00,0.00,0.00,,0.00,0.0,0.0,,0.00,0.0,0.0,,0.00,0.0,0.0,,0.00,0.0,0.0,,0.00,,0.0,1,0,0,0.0,0.0,0.0,0.0,0.0,0.0,,2026-04-24,,13:35:40,0,1
611,"0115200003",FOAMBOARD A2,"","",Bahan,"01","152",S001,PCS,0.0,0.00,0.0,35000.0,0.00,0.00,9.00,0.00,-9.00,0.00,0.00,0.00,,0.00,0.0,0.0,,0.00,0.0,0.0,,0.00,0.0,0.0,,0.00,0.0,0.0,,0.00,,0.0,1,0,0,0.0,0.0,0.0,0.0,0.0,0.0,,,,,0,1
612,"0115200004",AG FOAMBOARD A1,"","",Produk,"01","152",S001,PCS,0.0,0.00,0.0,65000.0,0.00,0.00,0.00,0.00,0.00,0.00,0.00,0.00,,0.00,0.0,0.0,,0.00,0.0,0.0,,0.00,0.0,0.0,,0.00,0.0,0.0,,0.00,,0.0,1,0,0,0.0,0.0,0.0,0.0,0.0,0.0,,2026-04-25,,16:21:02,0,1
613,"0115200005",AG FOAMBOARD A1,"","",Bahan,"01","152",S001,PCS,0.0,0.00,0.0,65000.0,0.00,0.00,402.00,0.00,-402.00,0.00,0.00,0.00,,0.00,0.0,0.0,,0.00,0.0,0.0,,0.00,0.0,0.0,,0.00,0.0,0.0,,0.00,,0.0,1,0,0,0.0,0.0,0.0,0.0,0.0,0.0,,2025-11-08,,11:25:08,0,1
614,"0100100006",ART CARTOON 260 + LAM,"","",Produk,"01","155",S001,PCS,0.0,0.00,0.0,20000.0,0.00,0.00,0.00,0.00,0.00,0.00,0.00,0.00,,0.00,0.0,0.0,,0.00,0.0,0.0,,0.00,0.0,0.0,,0.00,0.0,0.0,,0.00,,0.0,1,0,0,0.0,0.0,0.0,0.0,0.0,0.0,,2025-10-13,,09:19:34,0,1
615,"0115500001",ART CARTOON 260 + LAM,"","",Bahan,"01","155",S001,PCS,0.0,0.00,0.0,0.0,0.00,0.00,3.00,0.00,-3.00,0.00,0.00,0.00,,0.00,0.0,0.0,,0.00,0.0,0.0,,0.00,0.0,0.0,,0.00,0.0,0.0,,0.00,,0.0,1,0,0,0.0,0.0,0.0,0.0,0.0,0.0,,,,,0,1
616,"0115600001",CETAK + PASANAG STC ONEWAY,"","",Produk,"01","156",S001,PCS,0.0,0.00,0.0,550000.0,0.00,0.00,0.00,0.00,0.00,0.00,0.00,0.00,,0.00,0.0,0.0,,0.00,0.0,0.0,,0.00,0.0,0.0,,0.00,0.0,0.0,,0.00,,0.0,1,0,0,0.0,0.0,0.0,0.0,0.0,0.0,,2025-10-11,,15:53:09,0,1
617,"0115600002",CETAK + PASANG STC ONEWAY,"","",Bahan,"01","156",S001,PCS,0.0,0.00,0.0,0.0,0.00,0.00,1.00,0.00,-1.00,0.00,0.00,0.00,,0.00,0.0,0.0,,0.00,0.0,0.0,,0.00,0.0,0.0,,0.00,0.0,0.0,,0.00,,0.0,1,0,0,0.0,0.0,0.0,0.0,0.0,0.0,,,,,0,1
618,"0115700001",POUCH + PRINT,"","",Produk,"01","157",S001,PCS,0.0,0.00,0.0,12500.0,0.00,0.00,0.00,0.00,0.00,0.00,0.00,0.00,,0.00,0.0,0.0,,0.00,0.0,0.0,,0.00,0.0,0.0,,0.00,0.0,0.0,,0.00,,0.0,1,0,0,0.0,0.0,0.0,0.0,0.0,0.0,,2025-10-14,,17:16:14,0,1
619,"0115700002",POUCH + PRINT,"","",Bahan,"01","157",S001,PCS,0.0,0.00,0.0,0.0,0.00,0.00,27.00,0.00,-27.00,0.00,0.00,0.00,,0.00,0.0,0.0,,0.00,0.0,0.0,,0.00,0.0,0.0,,0.00,0.0,0.0,,0.00,,0.0,1,0,0,0.0,0.0,0.0,0.0,0.0,0.0,,,,,0,1
620,"0115200006",FOAMBOARD A3,"","",Produk,"01","152",S001,PCS,0.0,0.00,0.0,25000.0,0.00,0.00,0.00,0.00,0.00,0.00,0.00,0.00,,0.00,0.0,0.0,,0.00,0.0,0.0,,0.00,0.0,0.0,,0.00,0.0,0.0,,0.00,,0.0,1,0,0,0.0,0.0,0.0,0.0,0.0,0.0,,2026-04-16,,09:48:42,0,1
621,"0115200007",FOAMBOARD A3,"","",Bahan,"01","152",S001,PCS,0.0,0.00,0.0,0.0,0.00,0.00,122.00,0.00,-122.00,0.00,0.00,0.00,,0.00,0.0,0.0,,0.00,0.0,0.0,,0.00,0.0,0.0,,0.00,0.0,0.0,,0.00,,0.0,1,0,0,0.0,0.0,0.0,0.0,0.0,0.0,,,,,0,1
622,"0115800001",POLOSAN KORCHIN 385,"","",Produk,"01","158",S001,MTR,0.0,0.00,0.0,25000.0,0.00,0.00,0.00,0.00,0.00,0.00,0.00,0.00,,0.00,0.0,0.0,,0.00,0.0,0.0,,0.00,0.0,0.0,,0.00,0.0,0.0,,0.00,,0.0,1,0,0,0.0,0.0,0.0,0.0,0.0,0.0,,2025-12-23,,17:17:47,0,1
623,"0115800002",POLOSAN KORCHIN 385,"","",Bahan,"01","158",S001,MTR,0.0,0.00,0.0,25000.0,0.00,0.00,27.00,0.00,-27.00,0.00,0.00,0.00,,0.00,0.0,0.0,,0.00,0.0,0.0,,0.00,0.0,0.0,,0.00,0.0,0.0,,0.00,,0.0,1,0,0,0.0,0.0,0.0,0.0,0.0,0.0,,,,,0,1
624,"0115900001",CUTTING PAK ARI,"","",Produk,"01","159",S001,PCS,0.0,0.00,0.0,50000.0,0.00,0.00,0.00,0.00,0.00,0.00,0.00,0.00,,0.00,0.0,0.0,,0.00,0.0,0.0,,0.00,0.0,0.0,,0.00,0.0,0.0,,0.00,,0.0,1,0,0,0.0,0.0,0.0,0.0,0.0,0.0,,2025-11-01,,09:53:58,0,1
625,"0116000001",ORACAL RED,"","",Produk,"01","160",S001,MTR,0.0,0.00,0.0,275000.0,0.00,0.00,0.00,0.00,0.00,0.00,0.00,0.00,,0.00,0.0,0.0,,0.00,0.0,0.0,,0.00,0.0,0.0,,0.00,0.0,0.0,,0.00,,0.0,1,0,0,0.0,0.0,0.0,0.0,0.0,0.0,,2025-11-07,,09:53:17,0,1
626,"0116100001",STICKER VINYL CREVA (IN),"","",Produk,"01","161",S001,PCS,0.0,0.00,0.0,50000.0,0.00,0.00,0.00,0.00,0.00,0.00,0.00,0.00,,0.00,0.0,0.0,,0.00,0.0,0.0,,0.00,0.0,0.0,,0.00,0.0,0.0,,0.00,,0.0,1,0,0,0.0,0.0,0.0,0.0,0.0,0.0,,2026-04-06,,13:20:09,0,1
627,"0116100002",STICKER VINYL CREVA,"","",Bahan,"01","161",S001,PCS,0.0,0.00,0.0,0.0,0.00,0.00,5.00,0.00,-5.00,0.00,0.00,0.00,,0.00,0.0,0.0,,0.00,0.0,0.0,,0.00,0.0,0.0,,0.00,0.0,0.0,,0.00,,0.0,1,0,0,0.0,0.0,0.0,0.0,0.0,0.0,,,,,0,1
628,"0116100003",STICKER VINYL CREVA LAM (IN),"","",Produk,"01","161",S001,MTR,0.0,0.00,0.0,65000.0,0.00,0.00,0.00,0.00,0.00,0.00,0.00,0.00,,0.00,0.0,0.0,,0.00,0.0,0.0,,0.00,0.0,0.0,,0.00,0.0,0.0,,0.00,,0.0,1,0,0,0.0,0.0,0.0,0.0,0.0,0.0,,2026-04-25,,16:19:52,0,1
629,"0116100004",STICKER VINYL CREVA LAM (IN),"","",Bahan,"01","161",S001,MTR,0.0,0.00,0.0,0.0,0.00,0.00,646.92,0.00,-646.92,0.00,0.00,0.00,,0.00,0.0,0.0,,0.00,0.0,0.0,,0.00,0.0,0.0,,0.00,0.0,0.0,,0.00,,0.0,1,0,0,0.0,0.0,0.0,0.0,0.0,0.0,,,,,0,1
630,"0100005",BAIAYA PENGIRIMAN,"","",Produk,"01","162",S001,PCS,0.0,0.00,0.0,15000.0,0.00,0.00,0.00,0.00,0.00,0.00,0.00,0.00,,0.00,0.0,0.0,,0.00,0.0,0.0,,0.00,0.0,0.0,,0.00,0.0,0.0,,0.00,,0.0,1,0,0,0.0,0.0,0.0,0.0,0.0,0.0,,2026-03-10,,15:26:35,0,1
631,"0116300001",FOAMBOARD A0,"","",Produk,"01","163",S001,PCS,0.0,0.00,0.0,150000.0,0.00,0.00,0.00,0.00,0.00,0.00,0.00,0.00,,0.00,0.0,0.0,,0.00,0.0,0.0,,0.00,0.0,0.0,,0.00,0.0,0.0,,0.00,,0.0,1,0,0,0.0,0.0,0.0,0.0,0.0,0.0,,2025-11-29,,10:41:33,0,1
632,"0116300002",FOAMBOARD A0,"","",Bahan,"01","163",S001,PCS,0.0,0.00,0.0,0.0,0.00,0.00,2.00,0.00,-2.00,0.00,0.00,0.00,,0.00,0.0,0.0,,0.00,0.0,0.0,,0.00,0.0,0.0,,0.00,0.0,0.0,,0.00,,0.0,1,0,0,0.0,0.0,0.0,0.0,0.0,0.0,,2025-11-08,,10:01:13,0,1
633,"0115200008",FOAMBOARD A1,"","",Produk,"01","152",S001,PCS,0.0,0.00,0.0,75000.0,0.00,0.00,0.00,0.00,0.00,0.00,0.00,0.00,,0.00,0.0,0.0,,0.00,0.0,0.0,,0.00,0.0,0.0,,0.00,0.0,0.0,,0.00,,0.0,1,0,0,0.0,0.0,0.0,0.0,0.0,0.0,,2026-04-10,,17:46:40,0,1
634,"0115200009",FOAMBOARD A1,"","",Bahan,"01","152",S001,PCS,0.0,0.00,0.0,0.0,0.00,0.00,1.00,0.00,-1.00,0.00,0.00,0.00,,0.00,0.0,0.0,,0.00,0.0,0.0,,0.00,0.0,0.0,,0.00,0.0,0.0,,0.00,,0.0,1,0,0,0.0,0.0,0.0,0.0,0.0,0.0,,,,,0,1
635,"0106800003",KAKI X BANNER ONLY,"","",Produk,"01","068",S001,PCS,0.0,0.00,0.0,30000.0,0.00,0.00,0.00,0.00,0.00,0.00,0.00,0.00,,0.00,0.0,0.0,,0.00,0.0,0.0,,0.00,0.0,0.0,,0.00,0.0,0.0,,0.00,,0.0,1,0,0,0.0,0.0,0.0,0.0,0.0,0.0,,2025-11-25,,14:13:42,0,1
636,"0115900002",CUTTING ONLY,"","",Produk,"01","159",S001,PCS,0.0,0.00,0.0,10000.0,0.00,0.00,0.00,0.00,0.00,0.00,0.00,0.00,,0.00,0.0,0.0,,0.00,0.0,0.0,,0.00,0.0,0.0,,0.00,0.0,0.0,,0.00,,0.0,1,0,0,0.0,0.0,0.0,0.0,0.0,0.0,,2026-05-02,,16:19:03,0,1
637,"0115900003",CUTTING ONLY,"","",Bahan,"01","159",S001,PCS,0.0,0.00,0.0,0.0,0.00,0.00,10.00,0.00,-10.00,0.00,0.00,0.00,,0.00,0.0,0.0,,0.00,0.0,0.0,,0.00,0.0,0.0,,0.00,0.0,0.0,,0.00,,0.0,1,0,0,0.0,0.0,0.0,0.0,0.0,0.0,,,,,0,1
638,"0100500001",STC CROMO HVS KAI,"","",Produk,"01","005",S001,PCS,0.0,0.00,0.0,5500.0,0.00,0.00,0.00,0.00,0.00,0.00,0.00,0.00,,0.00,0.0,0.0,,0.00,0.0,0.0,,0.00,0.0,0.0,,0.00,0.0,0.0,,0.00,,0.0,1,0,0,0.0,0.0,0.0,0.0,0.0,0.0,,2025-12-12,,13:41:17,0,1
639,"0100500002",STC CHROMO HVS KAI,"","",Bahan,"01","005",S001,PCS,0.0,0.00,0.0,0.0,0.00,0.00,0.00,0.00,0.00,0.00,0.00,0.00,,0.00,0.0,0.0,,0.00,0.0,0.0,,0.00,0.0,0.0,,0.00,0.0,0.0,,0.00,,0.0,1,0,0,0.0,0.0,0.0,0.0,0.0,0.0,,,,,0,1
640,"0316400001",SABLON BAJU LGN PANJANG,"","",Produk,"03","164",S001,PCS,0.0,0.00,0.0,65000.0,0.00,0.00,0.00,0.00,0.00,0.00,0.00,0.00,,0.00,0.0,0.0,,0.00,0.0,0.0,,0.00,0.0,0.0,,0.00,0.0,0.0,,0.00,,0.0,1,0,0,0.0,0.0,0.0,0.0,0.0,0.0,,,,,0,1
641,"0316400002",SABLON BAJU LGN PANJANG,"","",Bahan,"03","164",S001,PCS,0.0,0.00,0.0,0.0,0.00,0.00,0.00,0.00,0.00,0.00,0.00,0.00,,0.00,0.0,0.0,,0.00,0.0,0.0,,0.00,0.0,0.0,,0.00,0.0,0.0,,0.00,,0.0,1,0,0,0.0,0.0,0.0,0.0,0.0,0.0,,,,,0,1
642,"0316400003",SABLON BAJU LGN PENDEK,"","",Produk,"03","164",S001,PCS,0.0,0.00,0.0,55000.0,0.00,0.00,0.00,0.00,0.00,0.00,0.00,0.00,,0.00,0.0,0.0,,0.00,0.0,0.0,,0.00,0.0,0.0,,0.00,0.0,0.0,,0.00,,0.0,1,0,0,0.0,0.0,0.0,0.0,0.0,0.0,,,,,0,1
643,"0316400004",SABLON BAJU LGN PENDEK,"","",Bahan,"03","164",S001,PCS,0.0,0.00,0.0,0.0,0.00,0.00,0.00,0.00,0.00,0.00,0.00,0.00,,0.00,0.0,0.0,,0.00,0.0,0.0,,0.00,0.0,0.0,,0.00,0.0,0.0,,0.00,,0.0,1,0,0,0.0,0.0,0.0,0.0,0.0,0.0,,,,,0,1
644,"0316400005",SABLON BAJU L PENDEK UK DIATAS XL,"","",Produk,"03","164",S001,PCS,0.0,0.00,0.0,60000.0,0.00,0.00,0.00,0.00,0.00,0.00,0.00,0.00,,0.00,0.0,0.0,,0.00,0.0,0.0,,0.00,0.0,0.0,,0.00,0.0,0.0,,0.00,,0.0,1,0,0,0.0,0.0,0.0,0.0,0.0,0.0,,2025-12-05,,12:15:05,0,1
645,"0316400006",SABLON BAJU L PENDEK DIATAS UK XL,"","",Bahan,"03","164",S001,PCS,0.0,0.00,0.0,0.0,0.00,0.00,0.00,0.00,0.00,0.00,0.00,0.00,,0.00,0.0,0.0,,0.00,0.0,0.0,,0.00,0.0,0.0,,0.00,0.0,0.0,,0.00,,0.0,1,0,0,0.0,0.0,0.0,0.0,0.0,0.0,,2025-12-05,,12:15:28,0,1
646,"0116400001",SABLON BAJU L PANJANG DIATAS UK XL,"","",Produk,"01","164",S001,PCS,0.0,0.00,0.0,70000.0,0.00,0.00,0.00,0.00,0.00,0.00,0.00,0.00,,0.00,0.0,0.0,,0.00,0.0,0.0,,0.00,0.0,0.0,,0.00,0.0,0.0,,0.00,,0.0,1,0,0,0.0,0.0,0.0,0.0,0.0,0.0,,,,,0,1
647,"0116400002",SABLON BAJU DITAS UK XL,"","",Bahan,"01","164",S001,PCS,0.0,0.00,0.0,0.0,0.00,0.00,0.00,0.00,0.00,0.00,0.00,0.00,,0.00,0.0,0.0,,0.00,0.0,0.0,,0.00,0.0,0.0,,0.00,0.0,0.0,,0.00,,0.0,1,0,0,0.0,0.0,0.0,0.0,0.0,0.0,,,,,0,1
648,"0116500001",STC VINYL CHINA A4,"","",Produk,"01","165",S001,PCS,0.0,0.00,0.0,5000.0,0.00,0.00,0.00,0.00,0.00,0.00,0.00,0.00,,0.00,0.0,0.0,,0.00,0.0,0.0,,0.00,0.0,0.0,,0.00,0.0,0.0,,0.00,,0.0,1,0,0,0.0,0.0,0.0,0.0,0.0,0.0,,2026-04-23,,16:13:26,0,1
649,"0116500002",STC VINYL CHINA A4,"","",Bahan,"01","165",S001,PCS,0.0,0.00,0.0,0.0,0.00,0.00,28.00,0.00,-28.00,0.00,0.00,0.00,,0.00,0.0,0.0,,0.00,0.0,0.0,,0.00,0.0,0.0,,0.00,0.0,0.0,,0.00,,0.0,1,0,0,0.0,0.0,0.0,0.0,0.0,0.0,,,,,0,1
659,"0117100001",POLOSAM BACKLITE CHINA,"","",Produk,"01","171",S001,MTR,0.0,0.00,0.0,40000.0,0.00,0.00,0.00,0.00,0.00,0.00,0.00,0.00,,0.00,0.0,0.0,,0.00,0.0,0.0,,0.00,0.0,0.0,,0.00,0.0,0.0,,0.00,,0.0,1,0,0,0.0,0.0,0.0,0.0,0.0,0.0,,2026-02-06,,18:02:38,0,1
651,"0116600001",TRIPOD SET KAI,"","",Bahan,"01","166",S001,PCS,0.0,0.00,0.0,0.0,0.00,0.00,96.00,0.00,-96.00,0.00,0.00,0.00,,0.00,0.0,0.0,,0.00,0.0,0.0,,0.00,0.0,0.0,,0.00,0.0,0.0,,0.00,,0.0,1,0,0,0.0,0.0,0.0,0.0,0.0,0.0,,,,,0,1
652,"0116700001",STICKER LANTAI PAK YANTO 40X230,"","",Produk,"01","167",S001,PCS,0.0,0.00,0.0,275000.0,0.00,0.00,0.00,0.00,0.00,0.00,0.00,0.00,,0.00,0.0,0.0,,0.00,0.0,0.0,,0.00,0.0,0.0,,0.00,0.0,0.0,,0.00,,0.0,1,0,0,0.0,0.0,0.0,0.0,0.0,0.0,,2026-01-22,,15:07:27,0,1
653,"0116800001",CETAK + LAM (CUST BAWA BAHAN SENDIRI),"","",Produk,"01","168",S002,MTR,0.0,0.00,0.0,50000.0,0.00,0.00,0.00,0.00,0.00,0.00,0.00,0.00,,0.00,0.0,0.0,,0.00,0.0,0.0,,0.00,0.0,0.0,,0.00,0.0,0.0,,0.00,,0.0,1,0,0,0.0,0.0,0.0,0.0,0.0,0.0,,2025-12-30,,17:19:58,0,1
654,"0116800002",CETAK + LAM (CUST BAWA BAHAN SENDIRI),"","",Bahan,"01","168",S001,MTR,0.0,0.00,0.0,0.0,0.00,0.00,143.10,0.00,-143.10,0.00,0.00,0.00,,0.00,0.0,0.0,,0.00,0.0,0.0,,0.00,0.0,0.0,,0.00,0.0,0.0,,0.00,,0.0,1,0,0,0.0,0.0,0.0,0.0,0.0,0.0,,,,,0,1
655,"0116900001",CETAK ONLY (CUST BAWA BAHAN SENDIRI),"","",Produk,"01","169",S001,MTR,0.0,0.00,0.0,35000.0,0.00,0.00,0.00,0.00,0.00,0.00,0.00,0.00,,0.00,0.0,0.0,,0.00,0.0,0.0,,0.00,0.0,0.0,,0.00,0.0,0.0,,0.00,,0.0,1,0,0,0.0,0.0,0.0,0.0,0.0,0.0,,2026-03-31,,14:53:59,0,1
656,"0116900002",CETAK ONLY (CUST BAWA BAHAN SENDIRI),"","",Bahan,"01","169",S001,MTR,0.0,0.00,0.0,0.0,0.00,0.00,35.34,0.00,-35.34,0.00,0.00,0.00,,0.00,0.0,0.0,,0.00,0.0,0.0,,0.00,0.0,0.0,,0.00,0.0,0.0,,0.00,,0.0,1,0,0,0.0,0.0,0.0,0.0,0.0,0.0,,,,,0,1
657,"0117000001",IMPRABOARD A1,"","",Produk,"01","170",S001,PCS,0.0,0.00,0.0,75000.0,0.00,0.00,0.00,0.00,0.00,0.00,0.00,0.00,,0.00,0.0,0.0,,0.00,0.0,0.0,,0.00,0.0,0.0,,0.00,0.0,0.0,,0.00,,0.0,1,0,0,0.0,0.0,0.0,0.0,0.0,0.0,,2026-02-27,,13:35:01,0,1
658,"0117000002",IMPRABOARD A1,"","",Bahan,"01","170",S001,PCS,0.0,0.00,0.0,0.0,0.00,0.00,3.00,0.00,-3.00,0.00,0.00,0.00,,0.00,0.0,0.0,,0.00,0.0,0.0,,0.00,0.0,0.0,,0.00,0.0,0.0,,0.00,,0.0,1,0,0,0.0,0.0,0.0,0.0,0.0,0.0,,,,,0,1
660,"0117100002",POLOSAN BACKLITE CHINA,"","",Bahan,"01","171",S001,MTR,0.0,0.00,0.0,0.0,0.00,0.00,7.00,0.00,-7.00,0.00,0.00,0.00,,0.00,0.0,0.0,,0.00,0.0,0.0,,0.00,0.0,0.0,,0.00,0.0,0.0,,0.00,,0.0,1,0,0,0.0,0.0,0.0,0.0,0.0,0.0,,,,,0,1
661,"0117200001",FLEXT BACKLITE KOREA (OUT),"","",Produk,"01","172",S001,MTR,0.0,0.00,0.0,60000.0,0.00,0.00,0.00,0.00,0.00,0.00,0.00,0.00,,0.00,0.0,0.0,,0.00,0.0,0.0,,0.00,0.0,0.0,,0.00,0.0,0.0,,0.00,,0.0,1,0,0,0.0,0.0,0.0,0.0,0.0,0.0,,,,,0,1
662,"0117200002",FLEXY BACKLITE KOREA (OUT),"","",Bahan,"01","172",S001,MTR,0.0,0.00,0.0,60000.0,0.00,0.00,0.00,0.00,0.00,0.00,0.00,0.00,,0.00,0.0,0.0,,0.00,0.0,0.0,,0.00,0.0,0.0,,0.00,0.0,0.0,,0.00,,0.0,1,0,0,0.0,0.0,0.0,0.0,0.0,0.0,,,,,0,1
663,"0116300003",FOAMBOARD,"","",Bahan,"01","163",S001,PCS,0.0,0.00,0.0,0.0,0.00,0.00,87.60,0.00,-87.60,0.00,0.00,0.00,,0.00,0.0,0.0,,0.00,0.0,0.0,,0.00,0.0,0.0,,0.00,0.0,0.0,,0.00,,0.0,1,0,0,0.0,0.0,0.0,0.0,0.0,0.0,,,,,0,1
664,"0117000003",IMPRABORD,"","",Produk,"01","170",S001,PCS,0.0,0.00,0.0,25000.0,0.00,0.00,0.00,0.00,0.00,0.00,0.00,0.00,,0.00,0.0,0.0,,0.00,0.0,0.0,,0.00,0.0,0.0,,0.00,0.0,0.0,,0.00,,0.0,1,0,0,0.0,0.0,0.0,0.0,0.0,0.0,,,,,0,1
665,"0117000004",IMPRABOARD,"","",Bahan,"01","170",S001,PCS,0.0,0.00,0.0,0.0,0.00,0.00,1.00,0.00,-1.00,0.00,0.00,0.00,,0.00,0.0,0.0,,0.00,0.0,0.0,,0.00,0.0,0.0,,0.00,0.0,0.0,,0.00,,0.0,1,0,0,0.0,0.0,0.0,0.0,0.0,0.0,,,,,0,1
666,"0117300001",BIAYA PASANG ,"","",Jasa,"01","173",S001,PCS,0.0,0.00,0.0,10000.0,0.00,0.00,0.00,0.00,0.00,0.00,0.00,0.00,,0.00,0.0,0.0,,0.00,0.0,0.0,,0.00,0.0,0.0,,0.00,0.0,0.0,,0.00,,0.0,1,0,0,0.0,0.0,0.0,0.0,0.0,0.0,,,,,0,1
667,"0117300002",BIAYA PASANG ,"","",Bahan,"01","173",S001,PCS,0.0,0.00,0.0,10000.0,0.00,0.00,0.00,0.00,0.00,0.00,0.00,0.00,,0.00,0.0,0.0,,0.00,0.0,0.0,,0.00,0.0,0.0,,0.00,0.0,0.0,,0.00,,0.0,1,0,0,0.0,0.0,0.0,0.0,0.0,0.0,,,,,0,1
668,"0100003",PVC + STC VINYL ,"","",Produk,"01","176",S001,MTR,0.0,0.00,0.0,145000.0,0.00,0.00,0.00,0.00,0.00,0.00,0.00,0.00,,0.00,0.0,0.0,,0.00,0.0,0.0,,0.00,0.0,0.0,,0.00,0.0,0.0,,0.00,,0.0,1,0,0,0.0,0.0,0.0,0.0,0.0,0.0,,2026-03-14,,10:23:04,0,1
669,"0117400001",POP A4 CHATTIME,"","",Bahan,"01","174",S001,PCS,0.0,0.00,0.0,0.0,0.00,0.00,0.00,0.00,0.00,0.00,0.00,0.00,,0.00,0.0,0.0,,0.00,0.0,0.0,,0.00,0.0,0.0,,0.00,0.0,0.0,,0.00,,0.0,1,0,0,0.0,0.0,0.0,0.0,0.0,0.0,,,,,0,1
670,"0117500001",POLOSAN KD BOARD,"","",Produk,"01","175",S001,PCS,0.0,0.00,0.0,100000.0,0.00,0.00,0.00,0.00,0.00,0.00,0.00,0.00,,0.00,0.0,0.0,,0.00,0.0,0.0,,0.00,0.0,0.0,,0.00,0.0,0.0,,0.00,,0.0,1,0,0,0.0,0.0,0.0,0.0,0.0,0.0,,2026-03-05,,09:08:53,0,1
671,"0117500002",POLOSAN KT BOARD,"","",Bahan,"01","175",S001,PCS,0.0,0.00,0.0,0.0,0.00,0.00,12.00,0.00,-12.00,0.00,0.00,0.00,,0.00,0.0,0.0,,0.00,0.0,0.0,,0.00,0.0,0.0,,0.00,0.0,0.0,,0.00,,0.0,1,0,0,0.0,0.0,0.0,0.0,0.0,0.0,,,,,0,1
672,"0117600001",PVC + STC VINYL ,"","",Bahan,"01","176",S001,MTR,0.0,0.00,0.0,0.0,0.00,0.00,0.00,0.00,0.00,0.00,0.00,0.00,,0.00,0.0,0.0,,0.00,0.0,0.0,,0.00,0.0,0.0,,0.00,0.0,0.0,,0.00,,0.0,1,0,0,0.0,0.0,0.0,0.0,0.0,0.0,,,,,0,1
673,"0117700001",STC VINYL CHINA A3 + KISS CUT,"","",Produk,"01","177",S001,LBR,0.0,0.00,0.0,65000.0,0.00,0.00,0.00,0.00,0.00,0.00,0.00,0.00,,0.00,0.0,0.0,,0.00,0.0,0.0,,0.00,0.0,0.0,,0.00,0.0,0.0,,0.00,,0.0,1,0,0,0.0,0.0,0.0,0.0,0.0,0.0,,2026-04-07,,17:34:07,0,1
674,"0117700002",STC VINYL CHINA A3 + KISS CUT,"","",Bahan,"01","177",S001,LBR,0.0,0.00,0.0,0.0,0.00,0.00,1.00,0.00,-1.00,0.00,0.00,0.00,,0.00,0.0,0.0,,0.00,0.0,0.0,,0.00,0.0,0.0,,0.00,0.0,0.0,,0.00,,0.0,1,0,0,0.0,0.0,0.0,0.0,0.0,0.0,,,,,0,1
675,"0103100001",STC VINYL RITRAMA (IN) MIMAKI,"","",Produk,"01","031",S001,MTR,0.0,0.00,0.0,75000.0,0.00,0.00,0.00,0.00,0.00,0.00,0.00,0.00,,0.00,0.0,0.0,,0.00,0.0,0.0,,0.00,0.0,0.0,,0.00,0.0,0.0,,0.00,,0.0,1,0,0,0.0,0.0,0.0,0.0,0.0,0.0,,,,,0,1
676,"0103100002",STC VINYL RITRAMA (IN),"","",Bahan,"01","031",S001,MTR,0.0,0.00,0.0,0.0,0.00,0.00,0.00,0.00,0.00,0.00,0.00,0.00,,0.00,0.0,0.0,,0.00,0.0,0.0,,0.00,0.0,0.0,,0.00,0.0,0.0,,0.00,,0.0,1,0,0,0.0,0.0,0.0,0.0,0.0,0.0,,,,,0,1
677,"0103200001",STC VINYL RITRAMA LAM (IN) MIMAKI,"","",Bahan,"01","032",S001,MTR,0.0,0.00,0.0,0.0,0.00,0.00,13.24,0.00,-13.24,0.00,0.00,0.00,,0.00,0.0,0.0,,0.00,0.0,0.0,,0.00,0.0,0.0,,0.00,0.0,0.0,,0.00,,0.0,1,0,0,0.0,0.0,0.0,0.0,0.0,0.0,,,,,0,1
678,"0103200002",STC VINYL RITRAMA LAM (IN) MIMAKI,"","",Produk,"01","032",S001,MTR,0.0,0.00,0.0,90000.0,0.00,0.00,0.00,0.00,0.00,0.00,0.00,0.00,,0.00,0.0,0.0,,0.00,0.0,0.0,,0.00,0.0,0.0,,0.00,0.0,0.0,,0.00,,0.0,1,0,0,0.0,0.0,0.0,0.0,0.0,0.0,,2026-04-25,,16:18:21,0,1
679,"0117800001",AVERY REMOVABLE ,"","",Produk,"01","178",S001,MTR,0.0,0.00,0.0,0.0,0.00,0.00,0.00,0.00,0.00,0.00,0.00,0.00,,0.00,0.0,0.0,,0.00,0.0,0.0,,0.00,0.0,0.0,,0.00,0.0,0.0,,0.00,,0.0,1,0,0,0.0,0.0,0.0,0.0,0.0,0.0,,,,,0,1
680,"0117800002",AVERY REMOVABLE ,"","",Bahan,"01","178",S001,MTR,0.0,0.00,0.0,0.0,0.00,0.00,0.00,0.00,0.00,0.00,0.00,0.00,,0.00,0.0,0.0,,0.00,0.0,0.0,,0.00,0.0,0.0,,0.00,0.0,0.0,,0.00,,0.0,1,0,0,0.0,0.0,0.0,0.0,0.0,0.0,,,,,0,1
681,"0117900001",DURATRANS A2,"","",Produk,"01","179",S001,PCS,0.0,0.00,0.0,30000.0,0.00,0.00,0.00,0.00,0.00,0.00,0.00,0.00,,0.00,0.0,0.0,,0.00,0.0,0.0,,0.00,0.0,0.0,,0.00,0.0,0.0,,0.00,,0.0,1,0,0,0.0,0.0,0.0,0.0,0.0,0.0,,2026-04-29,,14:48:09,0,1
682,"0117900002",DURATRANS A2,"","",Bahan,"01","179",S001,PCS,0.0,0.00,0.0,0.0,0.00,0.00,3.00,0.00,-3.00,0.00,0.00,0.00,,0.00,0.0,0.0,,0.00,0.0,0.0,,0.00,0.0,0.0,,0.00,0.0,0.0,,0.00,,0.0,1,0,0,0.0,0.0,0.0,0.0,0.0,0.0,,,,,0,1
